provinsi,kabkota,kunci_nama,hls,rls,p0,p1,tpt,kepadatan,pdrb_miliar,penduduk_total,pop_15_19,pdrb_per_kapita_jt,prop_15_19,rasio_ketergantungan,p1_per_p0,hls_minus_rls,kurang_12,remaja_hls_di_bawah_12,log_pdrb_pk,log_kepadatan,pop_u0_4,pop_u5_9,pop_u10_14,pop_u15_19,pop_u20_24,pop_u25_29,pop_u30_34,pop_u35_39,pop_u40_44,pop_u45_49,pop_u50_54,pop_u55_59,pop_u60_64,pop_u65_69,pop_u70_74,pop_u75p
ACEH,Simeulue,simeulue,14.53,9.89,17.69,2.62,5.5,48.0,3150.76,98633.0,8916.0,31.944278284144254,9.039570934677036,46.3137126921023,0.14810627473148671,4.639999999999999,-2.5299999999999994,0.0,3.4639930813478257,3.871201010907891,9539.0,8293.0,8299.0,8916.0,9556.0,8462.0,7629.0,7255.0,7013.0,6193.0,4941.0,4169.0,3278.0,2313.0,1434.0,1343.0
ACEH,Aceh Singkil,acehsingkil,14.36,8.72,19.06,3.06,6.44,62.0,3441.08,135684.0,13093.0,25.360985819993516,9.649627074673505,52.64602646026461,0.16054564533053517,5.639999999999999,-2.3599999999999994,0.0,3.233212001841624,4.127134385045092,14916.0,13478.0,13351.0,13093.0,13157.0,11943.0,10402.0,9387.0,8948.0,7667.0,6119.0,4620.0,3552.0,2317.0,1550.0,1184.0
ACEH,Aceh Selatan,acehselatan,14.71,8.92,12.02,1.57,4.56,63.0,7466.23,241994.0,18301.0,30.85295503194294,7.562584196302388,44.12640556508481,0.1306156405990017,5.790000000000001,-2.710000000000001,0.0,3.4292325328611217,4.143134726391533,21030.0,18363.0,18297.0,18301.0,21222.0,22199.0,19395.0,17573.0,16495.0,15962.0,14791.0,12259.0,9707.0,6970.0,4513.0,4917.0
ACEH,Aceh Tenggara,acehtenggara,14.47,10.1,11.99,1.64,4.79,55.0,6737.89,234430.0,21665.0,28.74158597449132,9.241564646163033,48.807596849034205,0.1367806505421184,4.370000000000001,-2.4700000000000006,0.0,3.3583450626527265,4.007333185232471,23209.0,19702.0,21945.0,21665.0,21814.0,20807.0,18860.0,16625.0,15287.0,14098.0,11547.0,9556.0,7280.0,5633.0,3419.0,2983.0
ACEH,Aceh Timur,acehtimur,13.08,8.48,13.26,2.04,7.75,71.0,14935.34,443638.0,42307.0,33.665601233438075,9.536378759258675,50.508720683677176,0.15384615384615385,4.6,-1.08,0.0,3.5164765811408456,4.2626798770413155,40901.0,43946.0,42612.0,42307.0,40633.0,36301.0,34625.0,33405.0,29238.0,25557.0,21786.0,17163.0,13744.0,9595.0,6415.0,5410.0
ACEH,Aceh Tengah,acehtengah,15.03,10.03,14.27,2.12,4.21,53.0,10721.42,226744.0,19225.0,47.284250079384684,8.478724905620435,49.122668560755535,0.14856341976173792,5.0,-3.0299999999999994,0.0,3.85617726075378,3.970291913552122,21050.0,20658.0,20409.0,19225.0,19453.0,18865.0,17015.0,16125.0,15516.0,15318.0,13003.0,9975.0,7557.0,5259.0,3471.0,3845.0
ACEH,Aceh Barat,acehbarat,14.93,9.99,17.6,3.02,5.58,71.0,14050.99,206822.0,17222.0,67.93759851466478,8.326967150496563,44.7573053368329,0.17159090909090907,4.9399999999999995,-2.9299999999999997,0.0,4.21858961495824,4.2626798770413155,17471.0,16588.0,16932.0,17222.0,15618.0,16311.0,16455.0,15915.0,15382.0,14403.0,12849.0,10646.0,8074.0,5608.0,3634.0,3714.0
ACEH,Aceh Besar,acehbesar,14.77,10.37,13.21,1.88,7.93,144.0,18412.05,428254.0,38950.0,42.99329369953345,9.095069748326926,48.17349544325346,0.14231642694928084,4.4,-2.7699999999999996,0.0,3.7610441430544963,4.969813299576001,36243.0,38886.0,38566.0,38950.0,32437.0,31784.0,34310.0,33764.0,31756.0,27716.0,24131.0,19134.0,15040.0,10209.0,7375.0,7953.0
ACEH,Pidie,pidie,14.52,9.04,18.59,2.14,5.74,147.0,14549.43,452547.0,38356.0,32.15009711698453,8.47558375152194,46.98954452589833,0.11511565357719204,5.48,-2.5199999999999996,0.0,3.4704154714250857,4.990432586778736,39551.0,35700.0,36268.0,38356.0,38266.0,37548.0,37479.0,35401.0,31753.0,28827.0,24499.0,19789.0,15959.0,12558.0,9603.0,10990.0
ACEH,Bireuen,bireuen,14.88,9.59,12.1,1.69,3.93,241.0,18380.99,459073.0,38153.0,40.039361931544654,8.31087866199929,49.67803147629496,0.1396694214876033,5.290000000000001,-2.880000000000001,0.0,3.689863018544436,5.484796933490655,42834.0,40397.0,39415.0,38153.0,38531.0,37916.0,36889.0,34524.0,30865.0,28061.0,24930.0,20714.0,16124.0,12174.0,8806.0,8740.0
ACEH,Aceh Utara,acehutara,14.75,9.11,16.11,2.78,6.88,195.0,30100.23,631984.0,55109.0,47.6281519785311,8.719999240487102,48.78053374013598,0.17256362507759154,5.640000000000001,-2.75,0.0,3.8634240145330923,5.272999558563747,56665.0,57264.0,55079.0,55109.0,56874.0,54357.0,51287.0,48295.0,41114.0,37467.0,32464.0,26727.0,21082.0,15613.0,10831.0,11756.0
ACEH,Aceh Barat Daya,acehbaratdaya,13.69,8.78,15.32,2.31,3.83,107.0,5367.93,159187.0,12330.0,33.72090685797207,7.745607367435784,43.86144072008893,0.15078328981723238,4.91,-1.6899999999999995,0.0,3.5181180265434375,4.672828834461906,14006.0,13063.0,12340.0,12330.0,12985.0,14076.0,13326.0,12384.0,12057.0,10779.0,9033.0,7685.0,5998.0,4121.0,2507.0,2497.0
ACEH,Gayo Lues,gayolues,14.59,8.44,18.3,2.76,2.4,19.0,3583.01,106791.0,9189.0,33.55161015441376,8.604657695873248,49.27661834803394,0.15081967213114753,6.15,-2.59,0.0,3.513084854946072,2.9444389791664403,11063.0,9733.0,9932.0,9189.0,9127.0,9672.0,9115.0,8459.0,7565.0,6390.0,5131.0,4026.0,2865.0,2064.0,1129.0,1331.0
ACEH,Aceh Tamiang,acehtamiang,14.51,9.3,12.17,1.47,6.95,158.0,11561.9,309039.0,27427.0,37.41243014635693,8.874931642931799,46.443159740321285,0.12078882497945768,5.209999999999999,-2.51,0.0,3.622003006056645,5.062595033026967,27776.0,26012.0,27025.0,27427.0,27441.0,26119.0,23376.0,22103.0,21711.0,19753.0,17170.0,14303.0,11627.0,8484.0,4915.0,3797.0
ACEH,Nagan Raya,naganraya,14.18,9.25,16.94,2.3,5.22,52.0,12431.71,176429.0,14143.0,70.46296243814793,8.016255830957496,45.65981968891384,0.13577331759149938,4.93,-2.1799999999999997,0.0,4.255087216283414,3.9512437185814275,15289.0,14221.0,14229.0,14143.0,13933.0,14658.0,13980.0,13440.0,13205.0,12603.0,10431.0,8210.0,6521.0,5094.0,3042.0,3430.0
ACEH,Aceh Jaya,acehjaya,14.06,9.02,12.25,1.39,2.75,26.0,3606.65,99200.0,9056.0,36.357358870967744,9.129032258064516,50.20289503967052,0.11346938775510203,5.040000000000001,-2.0600000000000005,0.0,3.5933966283587697,3.258096538021482,10000.0,8762.0,8904.0,9056.0,6771.0,7510.0,7855.0,7913.0,7605.0,6453.0,5370.0,4313.0,3198.0,2261.0,1330.0,1899.0
ACEH,Bener Meriah,benermeriah,13.73,10.13,18.18,3.07,2.2,118.0,6520.63,172036.0,15118.0,37.90270641028622,8.787695598595644,49.2305823979459,0.16886688668866887,3.5999999999999996,-1.7300000000000004,0.0,3.6350225187812426,4.770684624465665,15720.0,16008.0,16208.0,15118.0,14024.0,13678.0,12845.0,12827.0,12518.0,12252.0,9649.0,6973.0,5398.0,3766.0,2466.0,2586.0
ACEH,Pidie Jaya,pidiejaya,15.01,9.59,18.28,3.14,3.82,155.0,4724.84,166467.0,13714.0,28.383042885376682,8.238269446797263,48.69364822738113,0.17177242888402625,5.42,-3.01,0.0,3.345791885342194,5.043425116919247,15225.0,13977.0,13407.0,13714.0,14321.0,13819.0,13226.0,13171.0,11718.0,10514.0,8726.0,7090.0,5654.0,4428.0,3439.0,4038.0
ACEH,Kota Banda Aceh,kotabandaaceh,17.94,13.1,6.95,0.71,7.55,4319.0,26025.15,265019.0,22651.0,98.20107237594286,8.54693437074323,46.92016431703653,0.10215827338129496,4.840000000000002,-5.940000000000001,0.0,4.587017135626078,8.3707791729607,22609.0,25023.0,23844.0,22651.0,17943.0,20106.0,22694.0,23647.0,20834.0,16999.0,14439.0,11870.0,9200.0,6024.0,3978.0,3158.0
ACEH,Kota Sabang,kotasabang,14.97,11.22,14.58,2.9,2.95,284.0,1861.1,43470.0,3815.0,42.813434552564985,8.776167471819646,49.52017335672273,0.19890260631001372,3.75,-2.9700000000000006,0.0,3.7568519447492172,5.648974238161206,3896.0,3887.0,3887.0,3815.0,3474.0,2960.0,3147.0,3414.0,3515.0,3109.0,2444.0,1789.0,1406.0,1092.0,841.0,794.0
ACEH,Kota Langsa,kotalangsa,15.71,11.28,10.33,1.52,7.34,754.0,7323.86,197909.0,16164.0,37.00619981910878,8.167390063109812,43.26593842523219,0.14714424007744434,4.4300000000000015,-3.710000000000001,0.0,3.6110854612857826,6.625392368007956,17371.0,15427.0,15474.0,16164.0,17234.0,16744.0,16126.0,15848.0,14894.0,12720.0,11272.0,9532.0,7607.0,5464.0,3354.0,2678.0
ACEH,Kota Lhokseumawe,kotalhokseumawe,15.55,11.31,10.44,1.98,8.47,1107.0,11848.24,200403.0,17620.0,59.12206903090273,8.792283548649472,45.696774944019545,0.18965517241379312,4.24,-3.5500000000000007,0.0,4.079604273167322,7.009408932708637,18259.0,17229.0,17101.0,17620.0,17562.0,16637.0,15835.0,15106.0,14034.0,13090.0,11023.0,9270.0,7371.0,5150.0,3011.0,2105.0
ACEH,Kota Subulussalam,kotasubulussalam,15.31,8.43,16.38,2.11,5.12,71.0,2761.85,99062.0,9164.0,27.880014536350973,9.250772243645395,53.99036219493239,0.1288156288156288,6.880000000000001,-3.3100000000000005,0.0,3.3279101072821073,4.2626798770413155,11416.0,10363.0,9860.0,9164.0,9567.0,9622.0,7931.0,6886.0,6392.0,5163.0,4102.0,3211.0,2292.0,1470.0,900.0,723.0
SUMATERA UTARA,Nias,nias,13.31,6.4,14.89,1.64,2.1,172.0,5304.62,155629.0,16938.0,34.08503556535093,10.883575683195291,53.76080620461394,0.11014103425117527,6.91,-1.3100000000000005,0.0,3.5288584482453595,5.147494476813453,17158.0,12849.0,16413.0,16938.0,15652.0,14014.0,11532.0,11462.0,9217.0,8203.0,5964.0,4430.0,3803.0,3172.0,2272.0,2550.0
SUMATERA UTARA,Mandailing Natal,mandailingnatal,13.87,9.11,8.69,1.11,7.22,77.0,20279.38,505360.0,46708.0,40.12858160519234,9.242520183631472,55.02981814612119,0.1277330264672037,4.76,-1.8699999999999992,0.0,3.692088838655231,4.343805421853684,53606.0,50163.0,48430.0,46708.0,43040.0,41284.0,39870.0,36713.0,30074.0,27243.0,23534.0,20398.0,17112.0,12752.0,8197.0,6236.0
SUMATERA UTARA,Tapanuli Selatan,tapanuliselatan,13.72,9.56,6.92,0.57,3.41,75.0,21276.31,316486.0,30227.0,67.22670197101925,9.550817413724461,52.81870023515324,0.08236994219653179,4.16,-1.7200000000000006,0.0,4.208070519365412,4.31748811353631,29969.0,30829.0,30582.0,30227.0,27819.0,27162.0,24575.0,22081.0,18615.0,16879.0,14978.0,13266.0,11497.0,8560.0,5326.0,4121.0
SUMATERA UTARA,Tapanuli Tengah,tapanulitengah,13.5,8.92,11.8,1.33,7.45,171.0,13671.28,394910.0,37012.0,34.61872325339951,9.372262034387582,48.030557471436715,0.11271186440677966,4.58,-1.5,0.0,3.544394670194523,5.14166355650266,40945.0,30776.0,34896.0,37012.0,37799.0,35568.0,32955.0,30527.0,25020.0,21729.0,18503.0,15274.0,12389.0,9371.0,6346.0,5800.0
SUMATERA UTARA,Tapanuli Utara,tapanuliutara,13.74,10.31,8.21,1.27,1.21,84.0,11279.15,326993.0,32270.0,34.493551849733784,9.868712785900616,56.91772440434772,0.15468940316686966,3.4299999999999997,-1.7400000000000002,0.0,3.540772403662522,4.430816798843313,29730.0,31516.0,31555.0,32270.0,30545.0,25282.0,21599.0,20034.0,18827.0,17719.0,15697.0,13914.0,12498.0,10416.0,7826.0,7565.0
SUMATERA UTARA,Toba Samosir / Toba,tobasamosir,13.6,10.77,8.07,0.89,1.09,95.0,10284.43,216720.0,20495.0,47.45491878922112,9.456902916205241,56.85139213571785,0.11028500619578686,2.83,-1.5999999999999996,0.0,3.8597801822591307,4.553876891600541,20766.0,20514.0,20307.0,20495.0,19636.0,15524.0,13921.0,13444.0,13635.0,12663.0,11253.0,9760.0,7838.0,6492.0,5166.0,5306.0
SUMATERA UTARA,Labuhan Batu,labuhanbatu,13.26,9.5,7.84,0.83,5.9,188.0,50801.78,520545.0,45937.0,97.59344533133543,8.82478940341373,47.854799539857694,0.1058673469387755,3.76,-1.2599999999999998,0.0,4.580810332673399,5.236441962829949,48659.0,47296.0,47347.0,45937.0,45874.0,44279.0,43504.0,39385.0,36081.0,32031.0,26737.0,21294.0,16943.0,12139.0,7436.0,5603.0
SUMATERA UTARA,Asahan,asahan,12.65,8.85,8.12,1.15,5.94,218.0,57457.93,813720.0,68309.0,70.61142653492603,8.3946566386472,49.26944701771121,0.1416256157635468,3.8000000000000007,-0.6500000000000004,0.0,4.2571919803397,5.384495062789089,76391.0,74382.0,70395.0,68309.0,68090.0,68465.0,64638.0,58511.0,55416.0,49876.0,43831.0,37471.0,30528.0,22751.0,14116.0,10550.0
SUMATERA UTARA,Simalungun,simalungun,13.09,9.73,7.72,0.75,5.17,229.0,58906.11,1051845.0,86406.0,56.00265248206723,8.21470844088245,47.156261848034575,0.09715025906735751,3.3599999999999994,-1.0899999999999999,0.0,4.025399055364628,5.43372200355424,89411.0,82418.0,83942.0,86406.0,86909.0,86499.0,84604.0,78338.0,73270.0,65291.0,58543.0,51191.0,43730.0,35490.0,24604.0,21199.0
SUMATERA UTARA,Dairi,dairi,13.53,9.89,7.1,0.79,1.43,159.0,12693.88,330586.0,31566.0,38.39811728264355,9.548498726503844,54.133718761656105,0.11126760563380282,3.639999999999999,-1.5299999999999994,0.0,3.6480084292938915,5.0689042022202315,33869.0,29166.0,30813.0,31566.0,30885.0,28688.0,23531.0,20591.0,18987.0,18233.0,15831.0,14220.0,11948.0,9939.0,6733.0,5586.0
SUMATERA UTARA,Karo,karo,13.26,10.12,7.37,0.81,2.4,193.0,28867.89,426471.0,36245.0,67.69015947157017,8.498819380450254,47.42702470996557,0.10990502035278155,3.1400000000000006,-1.2599999999999998,0.0,4.21494081442807,5.262690188904886,35509.0,35427.0,35946.0,36245.0,35608.0,35182.0,32547.0,29800.0,28836.0,28262.0,25657.0,21002.0,16137.0,12066.0,9016.0,9231.0
SUMATERA UTARA,Deli Serdang,deliserdang,13.4,10.29,3.44,0.41,8.02,794.0,151451.4,2048480.0,167463.0,73.93355073029758,8.174988283995939,46.76280434682929,0.1191860465116279,3.110000000000001,-1.4000000000000004,0.0,4.303166726689699,6.677083461247136,174998.0,185709.0,178546.0,167463.0,160266.0,170934.0,164008.0,152532.0,145190.0,134689.0,121079.0,101523.0,78092.0,55889.0,34713.0,22849.0
SUMATERA UTARA,Langkat,langkat,13.28,8.74,9.04,1.18,6.08,176.0,62411.48,1078676.0,75519.0,57.8593386707408,7.001082808925016,47.284656084656085,0.13053097345132744,4.539999999999999,-1.2799999999999994,0.0,4.058014869664846,5.170483995038151,101364.0,90378.0,86672.0,75519.0,80612.0,89661.0,87566.0,83037.0,78589.0,72723.0,64743.0,55187.0,44738.0,32764.0,20327.0,14796.0
SUMATERA UTARA,Nias Selatan,niasselatan,12.92,6.52,16.32,2.62,3.03,154.0,9128.45,389957.0,40425.0,23.408863028487755,10.366527591503678,46.44732197177386,0.16053921568627452,6.4,-0.9199999999999999,0.0,3.1531147125526604,5.0369526024136295,46081.0,29115.0,32843.0,40425.0,41917.0,40450.0,32888.0,27058.0,21867.0,20685.0,16735.0,14026.0,10227.0,7205.0,4342.0,4093.0
SUMATERA UTARA,Humbang Hasundutan,humbanghasundutan,13.46,10.13,8.44,0.78,0.92,88.0,8272.39,207076.0,21566.0,39.94856960729393,10.414533794355696,59.19738612339035,0.09241706161137442,3.33,-1.4600000000000009,0.0,3.687592866997916,4.477336814478207,19853.0,20140.0,21198.0,21566.0,20246.0,15536.0,12559.0,11834.0,11734.0,11225.0,9747.0,8486.0,7142.0,5635.0,4497.0,5678.0
SUMATERA UTARA,Pakpak Bharat,pakpakbharat,13.91,9.73,6.87,0.8,0.97,41.0,1718.75,56212.0,5149.0,30.576211485092152,9.159965843592117,60.03871996355768,0.11644832605531295,4.18,-1.9100000000000001,0.0,3.420222304176383,3.713572066704308,6993.0,6148.0,5325.0,5149.0,5102.0,4847.0,4094.0,3649.0,3441.0,3107.0,2416.0,1908.0,1411.0,1057.0,769.0,796.0
SUMATERA UTARA,Samosir,samosir,13.52,9.61,11.63,0.98,0.89,77.0,6100.41,143071.0,13834.0,42.63903935808095,9.669325020444393,58.48352256992523,0.08426483233018056,3.91,-1.5199999999999996,0.0,3.752770250478123,4.343805421853684,13397.0,13883.0,13785.0,13834.0,13528.0,11247.0,9613.0,8627.0,8229.0,7518.0,6458.0,5976.0,5245.0,4618.0,3523.0,3590.0
SUMATERA UTARA,Serdang Bedagai,serdangbedagai,12.65,9.12,6.97,1.11,4.88,355.0,42012.01,691638.0,58669.0,60.74277295348145,8.482616628930163,49.38766517920783,0.1592539454806313,3.530000000000001,-0.6500000000000004,0.0,4.106648111415212,5.872117789475416,61157.0,62430.0,61450.0,58669.0,53741.0,54329.0,52922.0,50586.0,48688.0,43487.0,38703.0,33841.0,28016.0,20895.0,13089.0,9635.0
SUMATERA UTARA,Batu Bara,batubara,13.12,8.51,10.94,1.5,5.75,492.0,47317.58,437360.0,32726.0,108.18908907993415,7.482623010792025,52.51725304347523,0.13711151736745888,4.609999999999999,-1.1199999999999992,0.0,4.683880521031299,6.198478716492308,45419.0,44281.0,35365.0,32726.0,32665.0,36496.0,36525.0,32172.0,29835.0,26653.0,23214.0,20063.0,16412.0,12134.0,7867.0,5533.0
SUMATERA UTARA,Padang Lawas Utara,padanglawasutara,13.54,9.82,8.97,1.33,3.99,71.0,17831.27,280595.0,28508.0,63.548067499420874,10.15983891373688,53.733837387683536,0.14827201783723523,3.719999999999999,-1.5399999999999991,0.0,4.151796588037311,4.2626798770413155,29543.0,27194.0,29828.0,28508.0,25069.0,22825.0,21658.0,20668.0,17938.0,15815.0,12516.0,10084.0,7439.0,5317.0,3322.0,2871.0
SUMATERA UTARA,Padang Lawas,padanglawas,13.87,9.63,7.87,1.12,5.47,72.0,18330.4,280764.0,25368.0,65.28757248080238,9.035346411933155,54.39487923980467,0.1423125794155019,4.239999999999998,-1.8699999999999992,0.0,4.178801703940662,4.276666119016055,32127.0,27378.0,28303.0,25368.0,24216.0,25256.0,22888.0,21070.0,17096.0,15198.0,12543.0,10225.0,7988.0,5483.0,3267.0,2358.0
SUMATERA UTARA,Labuhan Batu Selatan,labuhanbatuselatan,13.53,9.19,7.73,0.93,3.24,109.0,41909.64,336577.0,31244.0,124.51724271117753,9.282868407526362,49.56053038516912,0.12031047865459249,4.34,-1.5299999999999994,0.0,4.824444201987231,4.6913478822291435,34653.0,32406.0,32754.0,31244.0,28723.0,27692.0,27525.0,25572.0,23110.0,20461.0,16914.0,13742.0,10061.0,6417.0,3348.0,1955.0
SUMATERA UTARA,Labuhan Batu Utara,labuhanbatuutara,13.58,9.14,8.98,0.89,4.6,111.0,36582.0,408749.0,36576.0,89.49746666046889,8.948278772547456,50.12248555698792,0.09910913140311804,4.4399999999999995,-1.58,0.0,4.494210319410581,4.709530201312334,41372.0,38114.0,37771.0,36576.0,36168.0,35277.0,33937.0,30881.0,26882.0,23869.0,19607.0,16078.0,13002.0,9398.0,5828.0,3989.0
SUMATERA UTARA,Nias Utara,niasutara,13.37,7.05,21.5,4.34,2.82,128.0,4790.41,158676.0,16870.0,30.189883788348585,10.631727545438503,51.393950958877966,0.20186046511627906,6.319999999999999,-1.3699999999999992,0.0,3.4075068943687943,4.852030263919617,18492.0,12518.0,15074.0,16870.0,17400.0,14384.0,11941.0,11174.0,9201.0,8394.0,6466.0,4979.0,4001.0,3183.0,2222.0,2377.0
SUMATERA UTARA,Nias Barat,niasbarat,12.99,7.26,22.68,1.76,1.0,209.0,2531.58,97251.0,10363.0,26.031403276058857,10.655931558544385,56.884285921695785,0.07760141093474426,5.73,-0.9900000000000002,0.0,3.2593036275057035,5.342334251964811,12093.0,8796.0,9803.0,10363.0,10162.0,8779.0,6728.0,6745.0,5367.0,4825.0,3540.0,2956.0,2524.0,2075.0,1462.0,1033.0
SUMATERA UTARA,Kota Sibolga,kotasibolga,13.43,10.45,11.39,1.7,6.52,7998.0,7201.6,91747.0,8025.0,78.49411969873674,8.746880006975704,47.75501658775405,0.14925373134328357,2.9800000000000004,-1.4299999999999997,0.0,4.363023713686249,8.986946789406764,8636.0,8152.0,7774.0,8025.0,7855.0,7738.0,7246.0,6824.0,6452.0,5932.0,4897.0,3964.0,3161.0,2441.0,1548.0,1102.0
SUMATERA UTARA,Kota Tanjung Balai,kotatanjungbalai,13.15,9.69,11.97,1.6,4.08,3090.0,12207.74,185647.0,16081.0,65.75780917547819,8.66213835935943,49.436936030459385,0.1336675020885547,3.460000000000001,-1.1500000000000004,0.0,4.185978434734896,8.035926369891792,17692.0,18056.0,16135.0,16081.0,16288.0,16590.0,15171.0,13377.0,11980.0,10980.0,9646.0,7869.0,6249.0,4333.0,2911.0,2289.0
SUMATERA UTARA,Kota Pematang Siantar,kotapematangsiantar,14.61,11.82,7.2,1.26,8.0,3649.0,17351.67,277054.0,22284.0,62.62919863997632,8.043197355028262,47.41698104172099,0.175,2.789999999999999,-2.6099999999999994,0.0,4.137231601308989,8.202208436436448,22057.0,22168.0,21749.0,22284.0,23593.0,22410.0,21355.0,19326.0,18553.0,17115.0,16189.0,14746.0,12368.0,9530.0,6674.0,6937.0
SUMATERA UTARA,Kota Tebing Tinggi,kotatebingtinggi,13.13,10.87,8.79,1.25,6.18,4620.0,7875.11,180977.0,14222.0,43.51442448487929,7.858457152013792,48.70625549502469,0.14220705346985213,2.2600000000000016,-1.1300000000000008,0.0,3.773092480481934,8.438149984075784,15586.0,15700.0,15528.0,14222.0,13481.0,14532.0,14561.0,13551.0,12797.0,11381.0,10212.0,9071.0,7893.0,5885.0,3687.0,2890.0
SUMATERA UTARA,Kota Medan,kotamedan,14.79,11.79,7.94,1.09,8.13,8902.0,329609.17,2486283.0,185346.0,132.57105888589513,7.454742682148412,43.40782654588557,0.13727959697732997,3.0,-2.789999999999999,0.0,4.887118795150777,9.0940312495758,185978.0,197574.0,189587.0,185346.0,190209.0,197159.0,199649.0,197284.0,190358.0,176751.0,158844.0,133371.0,104744.0,78281.0,52993.0,48155.0
SUMATERA UTARA,Kota Binjai,kotabinjai,14.18,11.2,4.75,0.69,5.44,3276.0,15588.75,307170.0,23470.0,50.749584920402384,7.640720122407788,47.159289618795306,0.14526315789473684,2.9800000000000004,-2.1799999999999997,0.0,3.926903438980122,8.09437844497296,26251.0,27661.0,24974.0,23470.0,22598.0,24704.0,24776.0,23601.0,22634.0,20453.0,18538.0,15487.0,12472.0,9197.0,5888.0,4466.0
SUMATERA UTARA,Kota Padangsidimpuan,kotapadangsidimpuan,14.62,11.13,6.23,0.77,7.17,1507.0,8576.98,240067.0,19797.0,35.72744275556407,8.24644786663723,47.36444719993616,0.12359550561797752,3.4899999999999984,-2.619999999999999,0.0,3.575919098121156,7.317876198626496,22909.0,21071.0,19583.0,19797.0,21023.0,21356.0,21175.0,18562.0,15394.0,13709.0,11935.0,11032.0,8924.0,6339.0,3812.0,3446.0
SUMATERA UTARA,Kota Gunungsitoli,kotagunungsitoli,13.79,8.76,14.72,1.99,3.3,696.0,7321.91,145233.0,13585.0,50.41491947422418,9.353934711807922,55.07233997117079,0.13519021739130435,5.029999999999999,-1.7899999999999991,0.0,3.9202871525856304,6.54534966033442,15418.0,14787.0,14376.0,13585.0,13212.0,11930.0,10695.0,10992.0,9362.0,8199.0,6333.0,5120.0,4227.0,3179.0,2202.0,1616.0
SUMATERA BARAT,Kepulauan Mentawai,kepulauanmentawai,12.91,8.03,13.89,1.6,1.44,15.0,6267.96,92757.0,9631.0,67.5739836346583,10.383043867309205,45.27102159715588,0.11519078473722102,4.880000000000001,-0.9100000000000001,0.0,4.213223051496804,2.70805020110221,9016.0,7313.0,8336.0,9631.0,8227.0,7601.0,7489.0,7438.0,6254.0,5633.0,4727.0,4010.0,2841.0,2065.0,1111.0,1065.0
SUMATERA BARAT,Pesisir Selatan,pesisirselatan,13.37,8.81,7.49,0.74,5.06,93.0,19112.92,532913.0,45893.0,35.86499109610762,8.611724615462562,48.546763632714615,0.09879839786381842,4.559999999999999,-1.3699999999999992,0.0,3.579761641317043,4.532599493153256,46935.0,43157.0,42766.0,45893.0,45125.0,42451.0,38945.0,37964.0,36267.0,34424.0,29725.0,26566.0,21391.0,18365.0,12214.0,10725.0
SUMATERA BARAT,Solok,solok,13.56,7.91,7.31,1.09,4.91,110.0,18357.09,410426.0,35487.0,44.72691788531915,8.646382051819328,47.08395151984289,0.1491108071135431,5.65,-1.5600000000000005,0.0,3.800575510204156,4.700480365792417,34029.0,32476.0,33921.0,35487.0,35714.0,34261.0,31763.0,30402.0,27961.0,25306.0,21913.0,19103.0,17132.0,13814.0,9331.0,7813.0
SUMATERA BARAT,Sijunjung,sijunjung,12.76,8.62,5.78,0.71,4.73,79.0,12583.86,246775.0,21748.0,50.99325296322561,8.812886232397933,47.07722932783426,0.12283737024221453,4.140000000000001,-0.7599999999999998,0.0,3.931693329133878,4.3694478524670215,22520.0,19895.0,20273.0,21748.0,21109.0,19415.0,18249.0,18365.0,17430.0,16263.0,14340.0,11495.0,9372.0,7480.0,4835.0,3986.0
SUMATERA BARAT,Tanah Datar,tanahdatar,15.05,9.29,4.28,0.44,5.3,291.0,17574.16,388228.0,31448.0,45.26762624025057,8.100394613474556,47.29541565650242,0.102803738317757,5.760000000000002,-3.0500000000000007,0.0,3.8125921244700374,5.673323267171493,30770.0,25363.0,28099.0,31448.0,32627.0,32116.0,29013.0,25268.0,24654.0,23797.0,22806.0,21790.0,20052.0,16632.0,12123.0,11670.0
SUMATERA BARAT,Padang Pariaman,padangpariaman,14.2,8.42,6.27,0.78,6.59,345.0,26947.12,459169.0,40844.0,58.68671447767598,8.895199806607152,49.62737270875764,0.1244019138755981,5.779999999999999,-2.1999999999999993,0.0,4.0722133720469715,5.84354441703136,39157.0,35928.0,37773.0,40844.0,41078.0,40634.0,36031.0,29471.0,26695.0,26343.0,24969.0,22121.0,18689.0,15728.0,11338.0,12370.0
SUMATERA BARAT,Agam,agam,14.16,9.23,6.83,0.5,4.73,310.0,27961.66,559299.0,45812.0,49.99411763654145,8.190967621969644,48.76991294031903,0.07320644216691069,4.93,-2.16,0.0,3.9119053512379924,5.736572297479192,47048.0,38206.0,42084.0,45812.0,48007.0,46929.0,43721.0,38715.0,36557.0,33022.0,30483.0,28086.0,24617.0,20246.0,15573.0,20193.0
SUMATERA BARAT,Lima Puluh Kota,limapuluhkota,13.42,8.13,6.92,0.77,3.68,112.0,20899.31,401086.0,34373.0,52.10680502435886,8.569982497519234,47.39522850549031,0.11127167630057803,5.289999999999999,-1.42,0.0,3.953295554900963,4.718498871295094,32806.0,28615.0,30662.0,34373.0,34135.0,32371.0,28303.0,25563.0,26771.0,27677.0,25296.0,20659.0,16968.0,14656.0,11044.0,11187.0
SUMATERA BARAT,Pasaman,pasaman,13.52,8.14,6.74,0.79,5.25,81.0,12130.35,318080.0,28973.0,38.136160714285715,9.108714788732394,47.47090732069174,0.1172106824925816,5.379999999999999,-1.5199999999999996,0.0,3.641162932134407,4.394449154672439,29018.0,25922.0,26999.0,28973.0,27750.0,26793.0,24975.0,23614.0,21802.0,18874.0,16098.0,14441.0,12370.0,9141.0,5928.0,5382.0
SUMATERA BARAT,Solok Selatan,solokselatan,13.07,8.85,6.56,0.94,2.3,58.0,7631.73,195034.0,16389.0,39.1302542120861,8.403150219961649,45.927826952286175,0.14329268292682926,4.220000000000001,-1.0700000000000003,0.0,3.666895932804492,4.060443010546419,18428.0,16101.0,15302.0,16389.0,17290.0,16905.0,15210.0,15178.0,13946.0,12741.0,10658.0,8695.0,6639.0,4991.0,3378.0,3183.0
SUMATERA BARAT,Dharmasraya,dharmasraya,12.89,8.98,5.32,0.64,6.02,82.0,14375.13,244026.0,20715.0,58.90819011088983,8.488849548818568,45.396371436232016,0.12030075187969924,3.91,-0.8900000000000006,0.0,4.075980132109503,4.406719247264253,22036.0,20630.0,20066.0,20715.0,19459.0,19446.0,19869.0,19876.0,18518.0,16650.0,13832.0,11070.0,8400.0,5910.0,3894.0,3655.0
SUMATERA BARAT,Pasaman Barat,pasamanbarat,13.72,8.99,7.0,0.76,6.34,117.0,21049.36,456467.0,42101.0,46.11365115112374,9.223229718687222,46.96439437599204,0.10857142857142857,4.73,-1.7200000000000006,0.0,3.8311090265824377,4.762173934797756,42783.0,40263.0,40197.0,42101.0,40448.0,38197.0,37576.0,35114.0,31417.0,27769.0,23284.0,19431.0,15260.0,10753.0,6539.0,5335.0
SUMATERA BARAT,Kota Padang,kotapadang,16.57,11.63,4.06,0.25,9.88,1376.0,83996.62,954177.0,74104.0,88.03043879699469,7.76627397222947,45.800754539384116,0.061576354679802964,4.9399999999999995,-4.57,0.0,4.477682650090571,7.226936018493289,83262.0,74982.0,73249.0,74104.0,72285.0,77612.0,80320.0,75279.0,67209.0,60422.0,56061.0,50389.0,40758.0,31074.0,20152.0,17019.0
SUMATERA BARAT,Kota Solok,kotasolok,14.37,11.37,3.07,0.34,3.62,1115.0,5591.15,79459.0,6500.0,70.36521979889,8.180319410010194,47.687818296717595,0.11074918566775245,3.0,-2.369999999999999,0.0,4.25369910413995,7.016609683894219,7543.0,7001.0,6681.0,6500.0,6336.0,6425.0,6541.0,6236.0,5638.0,5132.0,4326.0,3593.0,3075.0,2081.0,1302.0,1049.0
SUMATERA BARAT,Kota Sawah Lunto,kotasawahlunto,13.86,10.53,2.33,0.3,5.55,296.0,5138.43,68725.0,5454.0,74.76798835940342,7.935976718806839,47.900660683926226,0.12875536480686695,3.33,-1.8599999999999994,0.0,4.314389830268504,5.69035945432406,6033.0,5593.0,5224.0,5454.0,5429.0,5371.0,5267.0,4791.0,4674.0,4387.0,4122.0,3705.0,3267.0,2315.0,1632.0,1461.0
SUMATERA BARAT,Kota Padang Panjang,kotapadangpanjang,15.47,12.0,5.31,0.46,4.94,2585.0,4823.34,59453.0,4953.0,81.12862260945622,8.33095049871327,48.55822088955522,0.08662900188323919,3.4700000000000006,-3.4700000000000006,0.0,4.396035828689282,7.85748078694253,5889.0,4999.0,4692.0,4953.0,4855.0,4997.0,4825.0,4384.0,3943.0,3662.0,3253.0,2854.0,2294.0,1654.0,1150.0,1049.0
SUMATERA BARAT,Kota Bukittinggi,kotabukittinggi,15.28,11.65,4.08,0.43,4.72,4953.0,11818.66,125015.0,10231.0,94.53793544774626,8.183817941846979,47.42682610438925,0.1053921568627451,3.629999999999999,-3.2799999999999994,0.0,4.549001187256388,8.507748732588238,11381.0,10105.0,9979.0,10231.0,9889.0,10037.0,10162.0,9325.0,8492.0,7847.0,7321.0,6281.0,5213.0,3737.0,2475.0,2540.0
SUMATERA BARAT,Kota Payakumbuh,kotapayakumbuh,14.57,10.89,5.19,0.74,4.87,1722.0,9364.4,146731.0,12385.0,63.820187963007136,8.4406158207877,47.94265030600619,0.14258188824662812,3.6799999999999997,-2.5700000000000003,0.0,4.156069566051137,7.451241684987676,13109.0,11965.0,11664.0,12385.0,11467.0,11327.0,11345.0,10438.0,10340.0,9609.0,8676.0,7380.0,6214.0,4727.0,3076.0,3009.0
SUMATERA BARAT,Kota Pariaman,kotapariaman,14.8,11.06,4.26,0.46,5.32,1487.0,6815.46,98336.0,7850.0,69.30788317604946,7.982834363813862,48.02281998404408,0.107981220657277,3.74,-2.8000000000000007,0.0,4.238558654070471,7.304515946460155,9091.0,7908.0,7665.0,7850.0,8216.0,8442.0,8016.0,7215.0,6581.0,5805.0,5346.0,4935.0,4027.0,2971.0,2072.0,2196.0
RIAU,Kuantan Singingi,kuantansingingi,13.38,9.14,7.89,0.91,2.48,64.0,51995.69,349251.0,28839.0,148.8777125906583,8.257385089806471,46.12401154763399,0.11533586818757922,4.24,-1.3800000000000008,0.0,5.003125248101634,4.1588830833596715,30013.0,29414.0,29300.0,28839.0,29432.0,28682.0,28041.0,27092.0,25081.0,22937.0,19725.0,16137.0,13044.0,10368.0,6360.0,4786.0
RIAU,Indragiri Hulu,indragirihulu,12.6,8.43,6.02,0.61,2.55,60.0,60477.84,468366.0,41173.0,129.12517134036202,8.790774735997061,45.29644612101057,0.10132890365448506,4.17,-0.5999999999999996,0.0,4.860782254372994,4.0943445622221,39936.0,41783.0,43248.0,41173.0,39971.0,37023.0,38037.0,37984.0,34454.0,30759.0,26006.0,20873.0,16072.0,10594.0,6441.0,4012.0
RIAU,Indragiri Hilir,indragirihilir,12.21,7.32,5.66,0.84,1.86,51.0,94985.06,684860.0,58066.0,138.69266711444675,8.478521157608853,43.90777933271976,0.14840989399293286,4.890000000000001,-0.21000000000000085,0.0,4.932260457245803,3.9318256327243257,57446.0,56311.0,57526.0,58066.0,56660.0,57850.0,53922.0,53029.0,50286.0,48077.0,41044.0,32546.0,24422.0,17945.0,11862.0,7868.0
RIAU,Pelalawan,pelalawan,12.91,8.96,8.49,1.12,2.13,31.0,77685.96,414943.0,37146.0,187.22079900130862,8.952072935318826,47.19667112455968,0.1319199057714959,3.9499999999999993,-0.9100000000000001,0.0,5.232288663647923,3.4339872044851463,36948.0,41906.0,41078.0,37146.0,33399.0,32334.0,34520.0,34917.0,31919.0,28065.0,21979.0,16441.0,11177.0,7128.0,3781.0,2205.0
RIAU,Siak,siak,12.89,9.92,5.08,0.56,4.53,62.0,121122.79,483754.0,43448.0,250.38095809026902,8.981424443002021,44.12238757057098,0.11023622047244096,2.9700000000000006,-0.8900000000000006,0.0,5.5229835903689235,4.127134385045092,41972.0,44635.0,44498.0,43448.0,43932.0,40706.0,38079.0,36458.0,34247.0,33109.0,29069.0,22316.0,14291.0,8495.0,5174.0,3325.0
RIAU,Kampar,kampar,13.61,9.58,6.92,0.91,3.67,86.0,116424.25,894848.0,71837.0,130.10505694821913,8.027843834930625,45.81790035442213,0.1315028901734104,4.029999999999999,-1.6099999999999994,0.0,4.8683422544649675,4.454347296253507,83614.0,83092.0,76310.0,71837.0,72159.0,77093.0,75579.0,71349.0,64835.0,59149.0,50779.0,40669.0,30226.0,19615.0,11025.0,7517.0
RIAU,Rokan Hulu,rokanhulu,12.94,8.94,9.62,0.96,2.73,78.0,56646.72,593486.0,56489.0,95.44744105168445,9.51816892058111,43.85342359833528,0.0997920997920998,4.0,-0.9399999999999995,0.0,4.558575740505774,4.356708826689592,50617.0,47735.0,56970.0,56489.0,55880.0,50412.0,47194.0,47452.0,43618.0,38512.0,30704.0,23786.0,18516.0,12338.0,7506.0,5757.0
RIAU,Bengkalis,bengkalis,13.44,9.74,6.36,0.72,5.88,69.0,175713.79,591800.0,44865.0,296.9141432916526,7.581108482595471,48.65275590353396,0.11320754716981131,3.6999999999999993,-1.4399999999999995,0.0,5.693443017184987,4.23410650459726,56332.0,55975.0,49373.0,44865.0,41972.0,48438.0,46216.0,43779.0,42588.0,40965.0,35761.0,30172.0,23353.0,16140.0,9460.0,6411.0
RIAU,Rokan Hilir,rokanhilir,12.89,8.53,7.01,0.85,4.31,74.0,102493.58,673323.0,63372.0,152.22052417636112,9.41182760725536,46.11219853046486,0.12125534950071326,4.360000000000001,-0.8900000000000006,0.0,5.0253302863779306,4.30406509320417,57503.0,60176.0,64390.0,63372.0,62118.0,57456.0,53126.0,49390.0,46853.0,42029.0,35499.0,28587.0,22396.0,15344.0,9041.0,6043.0
RIAU,Kepulauan Meranti,kepulauanmeranti,12.87,8.12,23.15,3.59,4.51,59.0,27468.84,213720.0,16351.0,128.5272318921954,7.650664420737413,45.82921087646276,0.1550755939524838,4.75,-0.8699999999999992,0.0,4.856140803223162,4.07753744390572,18249.0,18023.0,16347.0,16351.0,18974.0,18110.0,17269.0,16543.0,15327.0,14077.0,11623.0,9678.0,8603.0,6358.0,4285.0,3903.0
RIAU,Kota Pekanbaru,kotapekanbaru,15.84,11.96,3.15,0.34,4.63,1608.0,171306.52,1026671.0,78563.0,166.8562957364141,7.6522079614599035,45.36687518229779,0.10793650793650794,3.879999999999999,-3.84,0.0,5.117132937397796,7.382746449738912,88876.0,93939.0,85910.0,78563.0,78510.0,83272.0,84275.0,81805.0,76712.0,71063.0,62969.0,50287.0,38806.0,25413.0,15981.0,10290.0
RIAU,Kota Dumai,kotadumai,13.35,10.29,3.14,0.2,4.66,162.0,52668.1,333031.0,27350.0,158.14774000018016,8.212448690962704,47.79569701595868,0.06369426751592357,3.0600000000000005,-1.3499999999999996,0.0,5.063529659419897,5.087596335232384,29194.0,33368.0,29464.0,27350.0,27085.0,27659.0,27403.0,26018.0,24598.0,21993.0,18142.0,13908.0,11176.0,7693.0,4791.0,3189.0
JAMBI,Kerinci,kerinci,13.92,8.6,6.93,1.0,2.51,75.0,14710.02,256706.0,18859.0,57.302984737403875,7.346536504795369,46.40135961310339,0.14430014430014432,5.32,-1.92,0.0,4.0483527120220835,4.31748811353631,20139.0,19822.0,19811.0,18859.0,18768.0,19116.0,19099.0,19077.0,18713.0,18319.0,16629.0,14634.0,12130.0,9379.0,6310.0,5901.0
JAMBI,Merangin,merangin,12.26,8.4,8.4,1.18,4.18,50.0,25546.12,373409.0,31548.0,68.41324124485483,8.448644783601896,44.37347520308072,0.14047619047619048,3.8599999999999994,-0.2599999999999998,0.0,4.225566391344353,3.912023005428146,32025.0,31414.0,32033.0,31548.0,31317.0,30874.0,29985.0,29264.0,27445.0,25405.0,21749.0,17525.0,13529.0,9498.0,5883.0,3915.0
JAMBI,Sarolangun,sarolangun,12.6,8.35,8.36,1.09,5.03,52.0,22892.39,306514.0,25265.0,74.68627860391369,8.242690382821014,49.67453988778585,0.13038277511961724,4.25,-0.5999999999999996,0.0,4.313296388571708,3.9512437185814275,30506.0,29124.0,27590.0,25265.0,24803.0,24873.0,24063.0,23383.0,21777.0,19936.0,16961.0,13482.0,10244.0,7085.0,4385.0,3037.0
JAMBI,Batang Hari,batanghari,12.97,8.35,8.63,1.34,4.49,59.0,26285.56,316550.0,26328.0,83.0376243879324,8.317169483493918,44.76548494493836,0.1552723059096176,4.620000000000001,-0.9700000000000006,0.0,4.4192938109632305,4.07753744390572,27552.0,26735.0,26846.0,26328.0,26146.0,26085.0,25445.0,24735.0,23251.0,21565.0,18514.0,15005.0,11590.0,8099.0,5037.0,3617.0
JAMBI,Muaro Jambi,muarojambi,13.37,8.7,3.65,0.48,5.27,81.0,40435.09,424579.0,33971.0,95.23572762666076,8.001102268364663,42.72474544592764,0.13150684931506848,4.67,-1.3699999999999992,0.0,4.556355161589584,4.394449154672439,36108.0,35303.0,35255.0,33971.0,34192.0,34757.0,34651.0,34640.0,32701.0,30458.0,25957.0,20622.0,15532.0,10349.0,6251.0,3832.0
JAMBI,Tanjung Jabung Timur,tanjungjabungtimur,12.21,7.7,10.14,2.32,2.06,53.0,28101.36,238975.0,18274.0,117.59121246992363,7.646824981692646,47.11585816301403,0.22879684418145954,4.510000000000001,-0.21000000000000085,0.0,4.76721430877735,3.970291913552122,20706.0,19938.0,19309.0,18274.0,18374.0,18539.0,18362.0,18521.0,17741.0,16767.0,14576.0,11919.0,9367.0,6788.0,4635.0,5159.0
JAMBI,Tanjung Jabung Barat,tanjungjabungbarat,12.68,8.32,9.54,1.17,3.2,60.0,56130.19,335069.0,27411.0,167.5183022004423,8.180703079067296,45.76836738245223,0.12264150943396226,4.359999999999999,-0.6799999999999997,0.0,5.121092612164244,4.0943445622221,30310.0,28841.0,28072.0,27411.0,27202.0,28120.0,28341.0,26717.0,24395.0,21837.0,18796.0,15167.0,11878.0,8497.0,5355.0,4130.0
JAMBI,Tebo,tebo,12.93,8.04,6.12,0.73,2.5,58.0,22794.27,355262.0,28468.0,64.1618580090187,8.013240932044518,47.019363275575955,0.11928104575163398,4.890000000000001,-0.9299999999999997,0.0,4.161408922132389,4.060443010546419,32750.0,31620.0,30574.0,28468.0,28199.0,28446.0,28043.0,27735.0,26202.0,24357.0,20784.0,16625.0,12784.0,8946.0,5588.0,4141.0
JAMBI,Bungo,bungo,12.67,8.6,5.06,0.4,4.67,80.0,27308.22,381272.0,32468.0,71.62398497660463,8.515705323233806,45.04479485667548,0.0790513833992095,4.07,-0.6699999999999999,0.0,4.271430003578184,4.382026634673881,33007.0,32257.0,32797.0,32468.0,32314.0,31867.0,30974.0,30295.0,28020.0,25236.0,21437.0,17041.0,13213.0,9468.0,6012.0,4866.0
JAMBI,Kota Jambi,kotajambi,15.55,11.51,7.73,0.96,7.38,3738.0,43842.76,635101.0,51298.0,69.03273652537156,8.077140486316349,42.20833454620364,0.1241914618369987,4.040000000000001,-3.5500000000000007,0.0,4.234580834481741,8.226305988015508,51130.0,49087.0,49150.0,51298.0,51429.0,51421.0,50743.0,50079.0,47802.0,45229.0,39661.0,33016.0,25921.0,18438.0,11717.0,8980.0
JAMBI,Kota Sungai Penuh,kotasungaipenuh,14.84,10.48,2.92,0.33,4.3,276.0,10292.42,100847.0,7680.0,102.05975388459746,7.615496742590261,45.98158709938913,0.113013698630137,4.359999999999999,-2.84,0.0,4.625558464155331,5.62040086571715,7987.0,7799.0,7864.0,7680.0,7680.0,7775.0,7701.0,7498.0,7318.0,7165.0,6392.0,5438.0,4435.0,3379.0,2290.0,2446.0
SUMATERA SELATAN,Ogan Komering Ulu,ogankomeringulu,13.0,8.86,10.68,1.0,4.05,101.0,20465.17,383039.0,31034.0,53.42842373753064,8.10204705003929,49.04531216560633,0.09363295880149813,4.140000000000001,-1.0,0.0,3.978342884084581,4.61512051684126,32467.0,35004.0,34884.0,31034.0,29034.0,29948.0,29594.0,29694.0,27672.0,25348.0,21598.0,18452.0,14621.0,10724.0,6938.0,6027.0
SUMATERA SELATAN,Ogan Komering Ilir,ogankomeringilir,11.98,7.19,12.08,1.62,3.38,47.0,46649.01,807085.0,67507.0,57.79937676948525,8.364298679816871,44.40623440013312,0.13410596026490068,4.79,0.019999999999999574,67507.0,4.056977993085343,3.8501476017100584,63742.0,66590.0,71709.0,67507.0,63458.0,64664.0,65010.0,61511.0,59122.0,56228.0,50165.0,40663.0,30571.0,20822.0,13726.0,11597.0
SUMATERA SELATAN,Muara Enim,muaraenim,12.02,8.27,9.79,2.14,4.09,95.0,116724.41,640962.0,49996.0,182.1081592980551,7.800150398931606,48.65748074412003,0.21859039836567928,3.75,-0.019999999999999574,0.0,5.204600792418708,4.553876891600541,57172.0,58824.0,54386.0,49996.0,49204.0,51167.0,50032.0,49217.0,45747.0,42881.0,37423.0,30754.0,24746.0,18049.0,11642.0,9722.0
SUMATERA SELATAN,Lahat,lahat,12.45,8.69,14.14,2.13,3.11,104.0,29980.66,450281.0,36718.0,66.58211205891432,8.154463546096771,47.718355510064825,0.15063649222065062,3.76,-0.4499999999999993,0.0,4.198435953766217,4.6443908991413725,36750.0,38643.0,38549.0,36718.0,38197.0,35317.0,31322.0,33243.0,32426.0,31739.0,26478.0,21625.0,17759.0,13698.0,8934.0,8883.0
SUMATERA SELATAN,Musi Rawas,musirawas,12.23,7.57,13.44,1.87,1.94,67.0,25471.85,411787.0,32569.0,61.856858035829205,7.909186059783336,47.10881680480137,0.13913690476190477,4.66,-0.23000000000000043,0.0,4.124822974434969,4.204692619390966,33098.0,35824.0,36238.0,32569.0,32178.0,31275.0,31179.0,31603.0,30866.0,29582.0,25233.0,19628.0,15807.0,11706.0,7972.0,7029.0
SUMATERA SELATAN,Musi Banyuasin,musibanyuasin,12.33,7.95,12.88,2.02,2.13,45.0,92666.87,651950.0,52843.0,142.13800138047395,8.105376179154842,49.761672313788544,0.15683229813664595,4.38,-0.33000000000000007,0.0,4.95679842637738,3.8066624897703196,59065.0,62789.0,59276.0,52843.0,50509.0,49368.0,52299.0,52746.0,48661.0,42840.0,36029.0,28678.0,21352.0,15934.0,10659.0,8902.0
SUMATERA SELATAN,Banyu Asin,banyuasin,12.34,7.48,9.31,1.66,3.24,72.0,39630.12,885902.0,72685.0,44.73420310598689,8.204632115064646,46.04577706267145,0.17830290010741137,4.859999999999999,-0.33999999999999986,0.0,3.8007383791823917,4.276666119016055,75233.0,71762.0,77421.0,72685.0,73514.0,72745.0,71326.0,68283.0,64138.0,57542.0,51633.0,42323.0,32403.0,22740.0,15903.0,16251.0
SUMATERA SELATAN,Ogan Komering Ulu Selatan,ogankomeringuluselatan,11.82,8.25,9.86,1.68,1.8,126.0,11908.37,429535.0,35693.0,27.72386417870488,8.309683727752104,42.886844171224034,0.17038539553752535,3.5700000000000003,0.17999999999999972,35693.0,3.3222935649925502,4.836281906951478,36022.0,32410.0,33493.0,35693.0,37579.0,36833.0,34313.0,34081.0,31440.0,29775.0,24731.0,20326.0,15841.0,11960.0,7758.0,7280.0
SUMATERA SELATAN,Ogan Komering Ulu Timur,ogankomeringulutimur,12.49,8.08,9.75,0.72,3.45,154.0,21239.75,674184.0,50491.0,31.50438159315558,7.489201760943599,46.73878266168965,0.07384615384615384,4.41,-0.4900000000000002,0.0,3.4501266343537456,5.0369526024136295,54154.0,55358.0,56514.0,50491.0,48976.0,51457.0,52372.0,50697.0,51272.0,49111.0,42698.0,34326.0,28045.0,20044.0,14491.0,14178.0
SUMATERA SELATAN,Ogan Ilir,oganilir,12.42,8.09,12.3,1.49,2.65,189.0,15274.88,436141.0,35740.0,35.02280225890251,8.194597618660021,48.56608542513293,0.12113821138211381,4.33,-0.41999999999999993,0.0,3.555999342471406,5.241747015059643,35494.0,40324.0,38915.0,35740.0,36455.0,35717.0,33725.0,32792.0,29253.0,26852.0,24318.0,20969.0,17746.0,12672.0,8103.0,7066.0
SUMATERA SELATAN,Empat Lawang,empatlawang,12.11,7.68,10.78,1.51,2.84,155.0,6722.01,345641.0,28855.0,19.44795322314193,8.348257295864785,39.75117860637377,0.14007421150278293,4.43,-0.10999999999999943,0.0,2.9677418317837563,5.043425116919247,28233.0,21004.0,25633.0,28855.0,30192.0,28750.0,28484.0,30004.0,25735.0,24739.0,19952.0,17371.0,13244.0,10428.0,6322.0,6695.0
SUMATERA SELATAN,Penukal Abab Lematang Ilir,penukalabablematangilir,12.5,7.27,9.82,0.62,3.72,111.0,9386.33,205384.0,17309.0,45.70136914267908,8.427628247575274,50.780389680943216,0.06313645621181263,5.23,-0.5,0.0,3.8221282568097905,4.709530201312334,19237.0,20369.0,19232.0,17309.0,17117.0,17562.0,16714.0,15645.0,14024.0,12496.0,10523.0,8279.0,6545.0,4577.0,3207.0,2548.0
SUMATERA SELATAN,Musi Rawas Utara,musirawasutara,11.9,7.51,17.38,3.07,4.91,33.0,9696.34,198413.0,16193.0,48.869479318391434,8.161259594885415,47.25619712037999,0.1766398158803222,4.390000000000001,0.09999999999999964,16193.0,3.8891530568031936,3.4965075614664802,17417.0,17566.0,17858.0,16193.0,16612.0,16866.0,16626.0,16024.0,13668.0,12210.0,10301.0,8898.0,7342.0,5256.0,2972.0,2604.0
SUMATERA SELATAN,Kota Palembang,kotapalembang,14.46,10.93,9.77,1.66,6.98,4875.0,208196.68,1718440.0,123201.0,121.15446567817322,7.169351272083984,48.94620241095852,0.1699078812691914,3.530000000000001,-2.460000000000001,0.0,4.797066307319251,8.491875383431948,137501.0,158834.0,145143.0,123201.0,126401.0,137347.0,136984.0,132869.0,125751.0,111953.0,101108.0,86945.0,71173.0,55542.0,37011.0,30677.0
SUMATERA SELATAN,Kota Prabumulih,kotaprabumulih,13.41,10.36,10.13,1.47,4.94,455.0,10533.23,203312.0,17131.0,51.80820610687023,8.425966002990478,49.457852138819256,0.14511352418558734,3.0500000000000007,-1.4100000000000001,0.0,3.9475485557700134,6.12029741895095,17250.0,19936.0,19439.0,17131.0,16236.0,16011.0,15374.0,15462.0,14692.0,13349.0,11427.0,9158.0,7193.0,5103.0,3244.0,2307.0
SUMATERA SELATAN,Kota Pagar Alam,kotapagaralam,13.5,9.44,8.18,1.0,2.34,238.0,3811.06,149199.0,11432.0,25.543468790005296,7.6622497469822175,48.182468267683696,0.12224938875305624,4.0600000000000005,-1.5,0.0,3.240381659314835,5.472270673671475,11757.0,13261.0,12903.0,11432.0,10979.0,11019.0,10549.0,11443.0,11531.0,11061.0,9114.0,7360.0,6198.0,4681.0,3078.0,2833.0
SUMATERA SELATAN,Kota Lubuklinggau,kotalubuklinggau,13.69,9.94,11.14,1.43,5.29,669.0,8717.86,246046.0,19751.0,35.43182982044008,8.027360737423084,48.252633101154466,0.12836624775583483,3.75,-1.6899999999999995,0.0,3.5676105636188478,6.505784060128229,21612.0,23116.0,21569.0,19751.0,19848.0,20245.0,19740.0,19118.0,17350.0,16106.0,13666.0,11157.0,8983.0,6425.0,3970.0,3390.0
BENGKULU,Bengkulu Selatan,bengkuluselatan,13.66,9.42,17.1,2.91,3.25,142.04,7864.1,173315.0,14438.0,45.37460692957909,8.330496494821569,46.05401761260692,0.17017543859649123,4.24,-1.6600000000000001,0.0,3.8149526298384924,4.956108708074887,14737.0,13697.0,14294.0,14438.0,14334.0,13393.0,12748.0,12488.0,12194.0,11795.0,11027.0,9186.0,7062.0,5164.0,3444.0,3314.0
BENGKULU,Rejang Lebong,rejanglebong,14.2,8.81,14.65,1.99,2.43,186.46,13066.13,288832.0,23720.0,45.23781990915134,8.212386439175715,42.46915894304331,0.13583617747440271,5.389999999999999,-2.1999999999999993,0.0,3.8119334606338824,5.228216738868547,23690.0,21580.0,22414.0,23720.0,24490.0,24149.0,22998.0,21947.0,21322.0,20753.0,17715.0,14401.0,11238.0,8400.0,5529.0,4486.0
BENGKULU,Bengkulu Utara,bengkuluutara,12.92,8.32,10.96,1.03,2.89,69.19,12781.53,310125.0,25718.0,41.214123337363965,8.292785167271262,48.13072282538606,0.09397810218978102,4.6,-0.9199999999999999,0.0,3.718780997063755,4.23685634351072,27186.0,26822.0,26452.0,25718.0,23894.0,23844.0,23759.0,23778.0,23249.0,20815.0,17736.0,14811.0,11755.0,8854.0,6179.0,5273.0
BENGKULU,Kaur,kaur,13.15,8.47,17.12,2.54,3.71,50.85,4963.57,132659.0,11602.0,37.4160064526342,8.74573153724964,45.209453024946086,0.1483644859813084,4.68,-1.1500000000000004,0.0,3.622098592880118,3.928880122494569,11458.0,10463.0,11068.0,11602.0,11357.0,10147.0,9873.0,10034.0,9726.0,9168.0,7954.0,6343.0,5153.0,3753.0,2296.0,2264.0
BENGKULU,Seluma,seluma,13.33,8.14,17.23,2.43,2.38,89.41,6344.92,217507.0,17673.0,29.171107136781806,8.12525573889576,44.836656145537845,0.14103308183401045,5.1899999999999995,-1.33,0.0,3.3731787377970743,4.493232532747227,19225.0,17190.0,17309.0,17673.0,17957.0,16958.0,16899.0,16683.0,16610.0,15348.0,13032.0,10738.0,8276.0,6058.0,3847.0,3704.0
BENGKULU,Mukomuko,mukomuko,12.87,8.57,10.76,1.56,2.41,48.74,7566.42,201700.0,17227.0,37.513237481408034,8.540902330193356,48.230348638955846,0.1449814126394052,4.299999999999999,-0.8699999999999992,0.0,3.624693870190913,3.8865000481970604,18229.0,18879.0,18132.0,17227.0,16216.0,16443.0,16364.0,16412.0,15122.0,12554.0,10627.0,8612.0,6495.0,4529.0,3266.0,2593.0
BENGKULU,Lebong,lebong,12.91,8.41,10.45,1.3,2.55,67.05,4580.72,111750.0,8731.0,40.990782997762864,7.812975391498882,46.61890891915296,0.1244019138755981,4.5,-0.9100000000000001,0.0,3.713347236499278,4.205438609727688,9675.0,9326.0,8821.0,8731.0,9393.0,9108.0,8740.0,8459.0,7844.0,7291.0,6612.0,5482.0,4558.0,3454.0,2313.0,1943.0
BENGKULU,Kepahiang,kepahiang,13.16,8.37,12.9,2.13,2.37,208.64,6265.45,156353.0,12011.0,40.07246423157854,7.681976041393514,41.55229231549214,0.16511627906976742,4.790000000000001,-1.1600000000000001,0.0,3.6906894209247887,5.340610278738288,12614.0,12094.0,11869.0,12011.0,12437.0,12937.0,12461.0,12763.0,11856.0,11787.0,9890.0,8100.0,6214.0,4272.0,2765.0,2283.0
BENGKULU,Bengkulu Tengah,bengkulutengah,13.47,7.71,10.14,1.18,2.56,108.34,6781.9,122673.0,10306.0,55.28437390460819,8.401196677345462,45.798024697227206,0.11637080867850097,5.760000000000001,-1.4700000000000006,0.0,4.0124902990610725,4.685274430229753,10924.0,10130.0,10580.0,10306.0,10273.0,10284.0,10101.0,9781.0,8859.0,8118.0,6775.0,5411.0,4231.0,3095.0,1930.0,1875.0
BENGKULU,Kota Bengkulu,kotabengkulu,16.07,11.84,13.76,2.39,5.0,2643.34,33148.31,397321.0,29931.0,83.42954437344112,7.533203631320771,44.45357406444623,0.17369186046511628,4.23,-4.07,0.0,4.424002495715337,7.8797985480257,35389.0,34423.0,32181.0,29931.0,31226.0,36280.0,35902.0,32538.0,27742.0,24929.0,22172.0,18979.0,15352.0,10265.0,5998.0,4014.0
LAMPUNG,Lampung Barat,lampungbarat,12.3,8.56,10.68,1.51,2.09,150.0,9903.25,315923.0,25849.0,31.347037094481884,8.182057020223283,47.17366998975123,0.14138576779026218,3.74,-0.3000000000000007,0.0,3.4451197520696843,5.0106352940962555,28758.0,27309.0,26140.0,25849.0,24799.0,24282.0,24361.0,25390.0,22961.0,21243.0,18486.0,15512.0,11777.0,8637.0,5433.0,4986.0
LAMPUNG,Tanggamus,tanggamus,12.33,7.38,10.28,1.42,3.19,227.0,21197.78,670367.0,51225.0,31.621156769351714,7.641336760311888,47.40305858812406,0.13813229571984437,4.95,-0.33000000000000007,0.0,3.453826414583126,5.424950017481403,57351.0,55910.0,54990.0,51225.0,53590.0,54701.0,52540.0,53075.0,47088.0,44444.0,37992.0,33422.0,26708.0,20281.0,13495.0,13555.0
LAMPUNG,Lampung Selatan,lampungselatan,12.65,7.78,12.57,1.94,4.84,503.0,60320.74,1119314.0,88239.0,53.8908116935909,7.883310670642911,47.518263278520436,0.1543357199681782,4.87,-0.6500000000000004,0.0,3.9869599938767113,6.220590170099739,96956.0,98831.0,94513.0,88239.0,88520.0,89914.0,85947.0,83895.0,83998.0,76244.0,65730.0,53484.0,42792.0,31132.0,20339.0,18780.0
LAMPUNG,Lampung Timur,lampungtimur,12.98,8.2,13.19,1.57,3.02,299.0,56851.99,1153773.0,89338.0,49.274848692073746,7.743117580321258,46.14396619534198,0.11902956785443519,4.780000000000001,-0.9800000000000004,0.0,3.8974137823506343,5.700443573390687,91887.0,87504.0,93470.0,89338.0,88429.0,88914.0,84834.0,83513.0,85149.0,84828.0,75020.0,60386.0,49066.0,37147.0,26993.0,27295.0
LAMPUNG,Lampung Tengah,lampungtengah,13.17,7.97,10.37,1.66,3.33,334.0,97092.41,1525088.0,111067.0,63.66348040244235,7.282661721815396,44.232316956107674,0.1600771456123433,5.2,-1.17,0.0,4.153611092091238,5.811140992976701,124734.0,115568.0,116630.0,111067.0,116709.0,123912.0,121999.0,116943.0,113913.0,110460.0,96674.0,80266.0,65440.0,47173.0,31833.0,31767.0
LAMPUNG,Lampung Utara,lampungutara,12.56,8.38,16.92,2.3,5.85,247.0,31814.58,659887.0,54333.0,48.21216359770688,8.233682433507555,49.41604550271259,0.13593380614657208,4.18,-0.5600000000000005,0.0,3.8756113460188315,5.5093883366279774,55867.0,58118.0,57658.0,54333.0,51957.0,51362.0,49878.0,49689.0,44523.0,42125.0,37716.0,32829.0,27232.0,19858.0,13229.0,13513.0
LAMPUNG,Way Kanan,waykanan,12.44,7.75,10.43,1.57,3.27,141.0,19221.68,497260.0,39802.0,38.6551904436311,8.004263363230503,49.462426998578295,0.15052732502396932,4.6899999999999995,-0.4399999999999995,0.0,3.6546810595131434,4.948759890378168,44185.0,45033.0,43040.0,39802.0,38668.0,38611.0,39645.0,39867.0,35544.0,31821.0,26912.0,22747.0,19082.0,14116.0,9344.0,8843.0
LAMPUNG,Tulangbawang,tulangbawang,12.3,7.65,7.88,0.82,3.23,145.0,30499.54,450336.0,37285.0,67.72618666950899,8.279373623250196,46.18261140542225,0.10406091370558375,4.65,-0.3000000000000007,0.0,4.215472909700399,4.976733742420574,37555.0,39298.0,39677.0,37285.0,34809.0,35915.0,36722.0,34962.0,32155.0,30304.0,27789.0,22301.0,15822.0,10883.0,7518.0,7341.0
LAMPUNG,Pesawaran,pesawaran,12.63,8.0,11.86,1.7,4.36,388.0,21667.0,500298.0,40340.0,43.30818831976142,8.063194336175638,48.78662431747618,0.1433389544688027,4.630000000000001,-0.6300000000000008,0.0,3.7683417238219774,5.961005339623274,42062.0,43957.0,42252.0,40340.0,41057.0,39566.0,36735.0,36863.0,35790.0,33438.0,28755.0,24155.0,19553.0,15362.0,10271.0,10142.0
LAMPUNG,Pringsewu,pringsewu,12.93,8.53,8.32,0.92,4.39,688.0,15098.19,424679.0,32495.0,35.552005161545544,7.651661607943883,47.04085978318451,0.11057692307692307,4.4,-0.9299999999999997,0.0,3.5709965586401955,6.5337888379333435,34970.0,34713.0,34910.0,32495.0,34627.0,34132.0,31101.0,30341.0,29654.0,28596.0,26477.0,22955.0,18439.0,13395.0,9259.0,8615.0
LAMPUNG,Mesuji,mesuji,11.82,7.21,6.31,0.83,2.85,110.0,14153.34,241600.0,18704.0,58.58170529801325,7.741721854304635,46.85680246058086,0.13153724247226625,4.61,0.17999999999999972,18704.0,4.070422451559926,4.700480365792417,21971.0,20312.0,20798.0,18704.0,18359.0,20808.0,22845.0,20254.0,17493.0,14707.0,12456.0,10403.0,8485.0,5937.0,4216.0,3852.0
LAMPUNG,Tulang Bawang Barat,tulangbawangbarat,12.12,7.8,7.22,0.87,4.12,238.0,15594.74,298696.0,20653.0,52.20940354072368,6.914387872619654,47.83417801710485,0.12049861495844875,4.319999999999999,-0.11999999999999922,0.0,3.9552626231228367,5.472270673671475,25775.0,25359.0,24081.0,20653.0,18842.0,23788.0,25393.0,24168.0,22107.0,20003.0,18371.0,15830.0,12893.0,9044.0,6270.0,6119.0
LAMPUNG,Pesisir Barat,pesisirbarat,12.16,8.73,12.64,2.1,3.04,59.0,6140.88,172316.0,14779.0,35.63731748647833,8.57668469555932,52.20916880134264,0.1661392405063291,3.4299999999999997,-0.16000000000000014,0.0,3.5733933328360816,4.07753744390572,15824.0,17076.0,15659.0,14779.0,13898.0,13819.0,13026.0,12847.0,11364.0,10295.0,8964.0,7822.0,6396.0,4663.0,3070.0,2814.0
LAMPUNG,Kota Bandar Lampung,kotabandarlampung,14.73,10.99,7.37,0.97,7.44,6609.0,79835.69,1214333.0,90005.0,65.7444786561841,7.411887842955762,44.13191456531931,0.1316146540027137,3.74,-2.7300000000000004,0.0,4.185775692720904,8.796187635470453,100198.0,92726.0,92463.0,90005.0,93558.0,94375.0,100753.0,102979.0,95538.0,83024.0,72251.0,62031.0,48001.0,36477.0,24061.0,25893.0
LAMPUNG,Kota Metro,kotametro,14.79,11.01,6.78,0.77,3.71,2400.0,8480.49,175712.0,12975.0,48.26357903842651,7.3842423966490625,45.76827993562409,0.11356932153392331,3.7799999999999994,-2.789999999999999,0.0,3.87667721903898,7.783224016336037,14201.0,14549.0,13702.0,12975.0,13802.0,13823.0,13443.0,12652.0,12365.0,12353.0,11674.0,9895.0,7560.0,5754.0,3711.0,3253.0
KEP. BANGKA BELITUNG,Bangka,bangka,13.12,8.45,4.24,0.62,4.91,113.0,20034.99,342058.0,28733.0,58.57190885756217,8.400037420554408,43.968652143169805,0.14622641509433962,4.67,-1.1199999999999992,0.0,4.07025521061658,4.727387818712341,29624.0,26271.0,26389.0,28733.0,28236.0,27700.0,26738.0,27481.0,25365.0,23605.0,20285.0,16430.0,13019.0,9988.0,6860.0,5334.0
KEP. BANGKA BELITUNG,Belitung,belitung,12.09,9.05,6.11,0.96,3.88,84.0,14124.69,191405.0,14481.0,73.79478070060865,7.565633081685432,42.0392564283329,0.1571194762684124,3.039999999999999,-0.08999999999999986,0.0,4.301288006891518,4.430816798843313,15452.0,13843.0,13393.0,14481.0,15386.0,16433.0,15982.0,13750.0,14123.0,13613.0,12571.0,10187.0,8229.0,5806.0,4006.0,4150.0
KEP. BANGKA BELITUNG,Bangka Barat,bangkabarat,11.79,7.48,2.59,0.52,4.88,60.0,19685.7,215818.0,19040.0,91.21435654115967,8.8222483759464,43.4941024720416,0.2007722007722008,4.309999999999999,0.21000000000000085,19040.0,4.513212302905809,4.0943445622221,18097.0,17394.0,17806.0,19040.0,18398.0,17083.0,16536.0,17966.0,16556.0,15138.0,12497.0,9695.0,7493.0,5559.0,3678.0,2882.0
KEP. BANGKA BELITUNG,Bangka Tengah,bangkatengah,12.15,7.24,5.94,0.66,4.23,93.0,11804.46,210482.0,18333.0,56.08299046949383,8.710008456780152,43.09061367668953,0.1111111111111111,4.91,-0.15000000000000036,0.0,4.026832566366905,4.532599493153256,18473.0,17055.0,17552.0,18333.0,18101.0,17093.0,17258.0,18250.0,16161.0,13941.0,11577.0,9133.0,7250.0,5144.0,3000.0,2161.0
KEP. BANGKA BELITUNG,Bangka Selatan,bangkaselatan,11.71,6.93,3.74,0.27,4.94,73.0,12028.43,208491.0,17620.0,57.69280208738027,8.451204128715387,39.10064382693398,0.07219251336898395,4.780000000000001,0.28999999999999915,17620.0,4.055132418546693,4.290459441148391,16939.0,15442.0,16429.0,17620.0,17948.0,17889.0,17939.0,17938.0,16125.0,14470.0,12404.0,10069.0,7483.0,4769.0,2642.0,2385.0
KEP. BANGKA BELITUNG,Belitung Timur,belitungtimur,11.69,8.99,6.36,0.64,2.63,51.0,10971.93,132835.0,10041.0,82.59818571912523,7.559001769112056,41.41613081803858,0.10062893081761005,2.6999999999999993,0.3100000000000005,10041.0,4.413987715626205,3.9318256327243257,10377.0,9550.0,9467.0,10041.0,10973.0,10825.0,10388.0,9375.0,10231.0,10397.0,9102.0,7124.0,5476.0,4045.0,2921.0,2543.0
KEP. BANGKA BELITUNG,Kota Pangkal Pinang,kotapangkalpinang,13.3,10.67,4.04,0.68,5.98,2204.0,18941.69,230441.0,18117.0,82.19756900898712,7.861882217140178,45.80720680818754,0.16831683168316833,2.630000000000001,-1.3000000000000007,0.0,4.4091257275248985,7.698029170272805,20466.0,19232.0,17494.0,18117.0,17190.0,18257.0,19515.0,19212.0,17717.0,15636.0,12992.0,10670.0,8739.0,7001.0,4648.0,3555.0
KEPULAUAN RIAU,Karimun,karimun,12.62,8.91,5.78,0.99,5.52,283.0,18330.9,263344.0,18866.0,69.60819308584969,7.164013609575308,47.51677701968429,0.17128027681660898,3.709999999999999,-0.6199999999999992,0.0,4.242882277163015,5.645446897643238,22504.0,22905.0,21518.0,18866.0,20857.0,20677.0,19701.0,19721.0,19069.0,18329.0,16032.0,13769.0,11497.0,7897.0,5024.0,4978.0
KEPULAUAN RIAU,Bintan,bintan,13.45,9.15,5.44,0.61,4.53,128.0,30365.73,168190.0,13559.0,180.544205957548,8.06171591652298,44.251468759380764,0.11213235294117646,4.299999999999999,-1.4499999999999993,0.0,5.195975656139847,4.852030263919617,14177.0,14178.0,14449.0,13559.0,13553.0,12388.0,12317.0,13404.0,13860.0,12596.0,10574.0,8018.0,6326.0,3957.0,2403.0,2431.0
KEPULAUAN RIAU,Natuna,natuna,13.94,9.2,5.04,0.31,3.89,43.0,22692.67,85664.0,7503.0,264.90322655958164,8.758638401195368,48.68608324365605,0.061507936507936505,4.74,-1.9399999999999995,0.0,5.579364576496716,3.7612001156935624,7664.0,7787.0,7727.0,7503.0,7601.0,6500.0,6167.0,6520.0,6184.0,5549.0,4742.0,3720.0,3128.0,2175.0,1369.0,1328.0
KEPULAUAN RIAU,Lingga,lingga,12.65,7.6,9.99,1.25,3.38,46.0,5603.83,102006.0,8218.0,54.93627825814168,8.056388839872163,47.49916855849733,0.12512512512512514,5.050000000000001,-0.6500000000000004,0.0,4.00617393643846,3.828641396489095,8086.0,8249.0,8230.0,8218.0,8998.0,6968.0,7158.0,7917.0,7591.0,6785.0,6028.0,5005.0,4489.0,3488.0,2451.0,2345.0
KEPULAUAN RIAU,Kepulauan Anambas,kepulauananambas,13.06,7.53,6.67,0.94,2.38,79.0,18005.12,49728.0,4267.0,362.07207207207205,8.580678893178893,47.881166919439735,0.1409295352323838,5.53,-1.0600000000000005,0.0,5.8918432861309125,4.3694478524670215,4517.0,4507.0,4273.0,4267.0,4292.0,3790.0,3787.0,3939.0,3428.0,3208.0,2863.0,2210.0,1843.0,1272.0,787.0,745.0
KEPULAUAN RIAU,Kota Batam,kotabatam,13.56,11.21,4.85,0.65,7.68,1234.0,233047.77,1276928.0,99186.0,182.50658611918604,7.7675483660785885,41.817858729453576,0.13402061855670105,2.3499999999999996,-1.5600000000000005,0.0,5.206786260695686,7.1180162044653335,117349.0,112532.0,109006.0,99186.0,101506.0,112932.0,113696.0,113536.0,103009.0,94668.0,75910.0,52707.0,33250.0,18564.0,10670.0,8407.0
KEPULAUAN RIAU,Kota Tanjung Pinang,kotatanjungpinang,14.18,10.67,6.86,0.86,4.69,1579.0,25021.53,237432.0,19186.0,105.3839836247852,8.08062940126015,44.62393099919596,0.12536443148688045,3.51,-2.1799999999999997,0.0,4.657610666541356,7.364547014255642,18575.0,19393.0,19973.0,19186.0,19609.0,18018.0,17691.0,17626.0,18139.0,16890.0,14875.0,12035.0,10103.0,6826.0,4287.0,4206.0
DKI JAKARTA,Kep. Seribu,kepulauanseribu,12.67,9.26,13.03,1.0,7.93,2686.0,8102.32,28809.0,2326.0,281.2426672220487,8.07386580582457,45.34584531557439,0.07674597083653109,3.41,-0.6699999999999999,0.0,5.6392178810793645,7.895808377083183,2661.0,2656.0,2356.0,2326.0,2631.0,2524.0,2311.0,2218.0,1997.0,1815.0,1612.0,1354.0,1033.0,651.0,372.0,292.0
DKI JAKARTA,Kota Jakarta Selatan,kotajakartaselatan,13.94,11.95,3.03,0.27,5.22,15390.0,850142.35,2230653.0,169095.0,381.11815239752667,7.580515660660803,38.626163217770774,0.08910891089108912,1.9900000000000002,-1.9399999999999995,0.0,5.943109438331734,9.641473226832925,145393.0,156586.0,161970.0,169095.0,172733.0,173261.0,170232.0,172867.0,173154.0,176141.0,161400.0,135146.0,105085.0,72872.0,46104.0,38614.0
DKI JAKARTA,Kota Jakarta Timur,kotajakartatimur,14.07,11.99,4.09,0.33,6.95,16633.0,631099.62,3086010.0,238880.0,204.503426754936,7.740739660597342,40.42298761451421,0.08068459657701713,2.08,-2.0700000000000003,0.0,5.320584732090317,9.719143952790535,218651.0,232969.0,233941.0,238880.0,240609.0,240009.0,240563.0,244817.0,240093.0,233164.0,208316.0,174203.0,136999.0,97368.0,61631.0,43797.0
DKI JAKARTA,Kota Jakarta Pusat,kotajakartapusat,13.31,11.61,4.63,0.57,6.24,21955.0,922004.2,1044297.0,77133.0,882.8946171443564,7.386117167817201,38.76612996456092,0.12311015118790496,1.700000000000001,-1.3100000000000005,0.0,6.783205847099231,9.996750182995818,62973.0,70393.0,72867.0,77133.0,81906.0,80889.0,80285.0,82047.0,79134.0,77927.0,73841.0,65883.0,53514.0,38374.0,25343.0,21788.0
DKI JAKARTA,Kota Jakarta Barat,kotajakartabarat,13.14,11.24,3.94,0.26,6.18,19837.0,627561.58,2479571.0,188571.0,253.0928051667002,7.604984894564423,40.19219831129636,0.06598984771573604,1.9000000000000004,-1.1400000000000006,0.0,5.53375624030665,9.89530415972811,175536.0,182138.0,186882.0,188571.0,188286.0,189231.0,195873.0,206776.0,202085.0,190125.0,163804.0,136179.0,107764.0,76926.0,49549.0,39846.0
DKI JAKARTA,Kota Jakarta Utara,kotajakartautara,12.7,10.85,6.44,1.01,6.18,12333.0,669873.28,1815606.0,138428.0,368.9529997146958,7.624341404467709,41.4676715959941,0.15683229813664595,1.8499999999999996,-0.6999999999999993,0.0,5.9106692638811245,9.420033875565988,134069.0,140755.0,140106.0,138428.0,137372.0,139750.0,144693.0,150807.0,146766.0,138415.0,116864.0,95245.0,75067.0,55141.0,35159.0,26969.0
JAWA BARAT,Bogor,bogor,12.75,8.39,7.05,1.08,7.34,1899.0,311727.85,5682303.0,459442.0,54.85942055536285,8.085489281370599,41.32020151852671,0.15319148936170215,4.359999999999999,-0.75,0.0,4.004773923210928,7.549082710812286,447550.0,464810.0,459270.0,459442.0,469492.0,486892.0,487516.0,482411.0,425460.0,395696.0,338188.0,273384.0,202390.0,139139.0,84413.0,66250.0
JAWA BARAT,Sukabumi,sukabumi,12.39,7.34,6.87,0.88,7.11,679.0,88142.36,2828024.0,232108.0,31.16747241183243,8.207426811087883,44.35631818966054,0.12809315866084425,5.050000000000001,-0.39000000000000057,0.0,3.4393750000784213,6.520621127558696,222944.0,218793.0,222655.0,232108.0,237695.0,234662.0,224031.0,215704.0,194495.0,181978.0,168462.0,147155.0,122768.0,89983.0,59699.0,54892.0
JAWA BARAT,Cianjur,cianjur,12.04,7.33,10.14,1.58,5.99,712.0,64403.51,2584994.0,212505.0,24.914375043036852,8.220715405915836,46.15567283216993,0.15581854043392504,4.709999999999999,-0.03999999999999915,0.0,3.215444947856131,6.568077911411976,214368.0,212829.0,211763.0,212505.0,212425.0,211557.0,199409.0,194779.0,175270.0,167040.0,157026.0,129509.0,109138.0,79631.0,52322.0,45423.0
JAWA BARAT,Bandung,bandung,12.74,9.15,6.19,0.61,6.36,2156.0,165609.36,3753116.0,334368.0,44.125830376679005,8.90907715082614,43.73366626326997,0.09854604200323101,3.59,-0.7400000000000002,0.0,3.7870453338113257,7.6760099320288875,298400.0,305637.0,311954.0,334368.0,314782.0,300216.0,290322.0,274379.0,277481.0,265036.0,225977.0,183460.0,145139.0,102928.0,69400.0,53637.0
JAWA BARAT,Garut,garut,12.17,7.85,9.68,1.41,6.96,876.0,78825.12,2716950.0,239745.0,29.01235576657649,8.824049025561752,46.96424273076163,0.14566115702479338,4.32,-0.16999999999999993,0.0,3.367721800164725,6.775366090936392,245860.0,233787.0,225055.0,239745.0,248454.0,241791.0,211960.0,197141.0,175511.0,160620.0,146711.0,124747.0,102035.0,73109.0,47832.0,42592.0
JAWA BARAT,Tasikmalaya,tasikmalaya,12.64,7.97,10.23,1.01,3.74,710.0,49783.14,1920921.0,154647.0,25.916287031064787,8.05066944450084,45.84096986335483,0.09872922776148582,4.670000000000001,-0.6400000000000006,0.0,3.2548716139649025,6.565264970035361,152285.0,138673.0,141224.0,154647.0,158238.0,151499.0,139050.0,131818.0,126912.0,121118.0,122955.0,112879.0,98018.0,70094.0,49321.0,52190.0
JAWA BARAT,Ciamis,ciamis,14.3,8.1,7.39,0.99,3.37,789.0,43236.85,1259226.0,97051.0,34.3360524639739,7.707194737084526,47.65246572884897,0.13396481732070367,6.200000000000001,-2.3000000000000007,0.0,3.536195894405354,6.670766320845874,92553.0,81225.0,86816.0,97051.0,99701.0,96210.0,87791.0,82445.0,81512.0,79760.0,78889.0,77671.0,71801.0,59694.0,43064.0,43043.0
JAWA BARAT,Kuningan,kuningan,12.27,7.9,11.88,2.02,7.78,1018.0,35535.77,1213927.0,97037.0,29.27339947130264,7.993643769353512,46.45618657758121,0.17003367003367004,4.369999999999999,-0.2699999999999996,0.0,3.376679235787755,6.925595197110468,97961.0,90287.0,88699.0,97037.0,94835.0,91205.0,87008.0,87603.0,88163.0,82521.0,74815.0,68189.0,57491.0,44582.0,31616.0,31915.0
JAWA BARAT,Cirebon,cirebon,12.42,7.65,11.0,1.69,6.74,2228.0,67196.03,2387961.0,175351.0,28.139500603234307,7.343126625602345,42.77776648398627,0.15363636363636363,4.77,-0.41999999999999993,0.0,3.337174304664313,7.708859601047175,204716.0,190627.0,171758.0,175351.0,184824.0,202472.0,197640.0,199745.0,188089.0,172155.0,143600.0,117721.0,90905.0,68414.0,45364.0,34580.0
JAWA BARAT,Majalengka,majalengka,12.27,7.53,10.82,1.76,4.01,1017.0,46302.88,1352541.0,102392.0,34.23399364603365,7.570343523782273,44.037660579817874,0.16266173752310537,4.739999999999999,-0.2699999999999996,0.0,3.533219116669484,6.92461239604856,103122.0,93303.0,96652.0,102392.0,105779.0,103180.0,99723.0,99146.0,102914.0,97849.0,88285.0,75250.0,64501.0,50937.0,35503.0,34005.0
JAWA BARAT,Sumedang,sumedang,13.02,8.74,9.1,1.6,6.16,758.0,47128.14,1187133.0,94001.0,39.69912385554104,7.918320862110647,46.12450333082229,0.17582417582417584,4.279999999999999,-1.0199999999999996,0.0,3.6813291183196695,6.630683385642372,85739.0,84050.0,85392.0,94001.0,98292.0,92373.0,88311.0,80499.0,79717.0,75376.0,71702.0,70559.0,61582.0,48195.0,37090.0,34255.0
JAWA BARAT,Indramayu,indramayu,12.32,6.95,11.93,2.05,6.25,922.0,105588.91,1914037.0,143525.0,55.16555322598257,7.498548878626693,41.262138788475475,0.17183570829840736,5.37,-0.3200000000000003,0.0,4.0103387227305065,6.826545223556594,144445.0,138240.0,141478.0,143525.0,149089.0,156500.0,150339.0,150913.0,151639.0,145261.0,123595.0,102601.0,81492.0,63193.0,40836.0,30891.0
JAWA BARAT,Subang,subang,12.11,7.46,9.49,1.63,6.73,768.0,54946.11,1663156.0,123564.0,33.037255675354565,7.429489476633582,43.64026110192752,0.17175974710221284,4.6499999999999995,-0.10999999999999943,0.0,3.4976358845297604,6.643789733147672,126797.0,111911.0,116477.0,123564.0,129245.0,131456.0,126019.0,119361.0,123876.0,115243.0,110998.0,97384.0,80716.0,61847.0,42666.0,45596.0
JAWA BARAT,Purwakarta,purwakarta,12.25,8.14,8.41,1.37,7.34,1058.0,88254.55,1050344.0,84771.0,84.02442437906058,8.070784428720495,44.59422253058887,0.16290130796670632,4.109999999999999,-0.25,0.0,4.4311075229963395,6.964135612418245,89891.0,83920.0,83836.0,84771.0,85869.0,85984.0,85362.0,81730.0,75234.0,70857.0,63153.0,53527.0,39921.0,28858.0,19485.0,17946.0
JAWA BARAT,Karawang,karawang,12.21,8.05,7.86,1.18,8.04,1335.0,309842.85,2554384.0,197043.0,121.29846178178379,7.713914587626605,41.7521685542842,0.1501272264631043,4.16,-0.21000000000000085,0.0,4.798254134763117,7.19668657083435,198750.0,196371.0,199467.0,197043.0,195638.0,209014.0,219803.0,209460.0,194853.0,185026.0,159389.0,132429.0,99352.0,72128.0,44734.0,40927.0
JAWA BARAT,Bekasi,bekasi,13.18,9.76,4.8,0.7,8.82,2617.0,421323.53,3273868.0,254410.0,128.69288865647607,7.770930287965183,39.7126344318899,0.14583333333333334,3.42,-1.1799999999999997,0.0,4.85742885788102,7.869783902530146,266670.0,264484.0,259039.0,254410.0,229222.0,251556.0,287241.0,305384.0,286025.0,258935.0,207454.0,157407.0,105653.0,68547.0,40361.0,31480.0
JAWA BARAT,Bandung Barat,bandungbarat,12.0,8.24,10.49,1.17,6.7,1468.0,61236.34,1884191.0,155029.0,32.50007032195781,8.22788135597718,44.253011282596226,0.11153479504289798,3.76,0.0,0.0,3.481242253085899,7.291656209174461,154401.0,147426.0,148837.0,155029.0,158461.0,152538.0,148411.0,138447.0,138296.0,128922.0,114978.0,94617.0,76472.0,54847.0,37838.0,34671.0
JAWA BARAT,Pangandaran,pangandaran,12.31,8.1,8.75,1.23,1.58,385.0,15474.58,434104.0,32420.0,35.647172106223394,7.468256454674456,46.4420410614167,0.14057142857142857,4.210000000000001,-0.3100000000000005,0.0,3.5736698199054047,5.953243334287785,32194.0,28393.0,28981.0,32420.0,32529.0,32941.0,31310.0,29508.0,27672.0,27939.0,28721.0,27971.0,25423.0,20251.0,14212.0,13639.0
JAWA BARAT,Kota Bogor,kotabogor,13.51,10.71,6.53,0.95,8.13,9683.0,61051.67,1078351.0,86949.0,56.61576796423428,8.063144560537339,42.13084698492032,0.1454823889739663,2.799999999999999,-1.5099999999999998,0.0,4.036287532351815,9.17812704961153,79144.0,83288.0,82721.0,86949.0,85906.0,85860.0,86938.0,84396.0,80243.0,76564.0,68152.0,58105.0,45590.0,33968.0,22688.0,17839.0
JAWA BARAT,Kota Sukabumi,kotasukabumi,13.62,10.38,7.2,0.88,8.34,7571.0,16370.38,365735.0,29547.0,44.76022256551875,8.07880022420605,45.340565887776194,0.12222222222222222,3.2399999999999984,-1.6199999999999992,0.0,3.801319855851352,8.932080438103307,30252.0,29435.0,28034.0,29547.0,29794.0,29449.0,28841.0,27659.0,26428.0,24076.0,20987.0,19207.0,15652.0,11546.0,8112.0,6716.0
JAWA BARAT,Kota Bandung,kotabandung,14.25,11.07,3.87,0.6,7.4,15176.0,371845.62,2528163.0,198209.0,147.08134720743877,7.840040377143404,41.28575156882458,0.15503875968992248,3.1799999999999997,-2.25,0.0,4.990985816082709,9.62747051161485,177809.0,179599.0,179775.0,198209.0,208288.0,203954.0,196762.0,187490.0,188927.0,184201.0,162061.0,143191.0,116314.0,87734.0,61793.0,52056.0
JAWA BARAT,Kota Cirebon,kotacirebon,13.17,10.53,9.02,1.18,6.29,8744.0,30540.17,344851.0,27732.0,88.56047974342542,8.04173396626369,43.591590641278145,0.13082039911308205,2.6400000000000006,-1.17,0.0,4.483685705542726,9.076123029856374,27266.0,26427.0,25184.0,27732.0,28241.0,28400.0,26645.0,25821.0,25123.0,24213.0,20827.0,18355.0,14804.0,11589.0,8119.0,6105.0
JAWA BARAT,Kota Bekasi,kotabekasi,14.14,11.79,4.01,0.8,7.82,12411.0,129351.9,2644058.0,206052.0,48.92173318437039,7.793021181834892,39.61904480278978,0.19950124688279303,2.3500000000000014,-2.1400000000000006,0.0,3.890221739144169,9.426338455129521,199015.0,194367.0,193996.0,206052.0,198598.0,207944.0,224357.0,225741.0,208173.0,193129.0,165972.0,145819.0,117981.0,83197.0,49414.0,30303.0
JAWA BARAT,Kota Depok,kotadepok,14.11,11.59,2.34,0.34,6.27,10823.0,94149.54,2163635.0,174235.0,43.51452070242902,8.052883226607076,40.827546974300496,0.1452991452991453,2.5199999999999996,-2.1099999999999994,0.0,3.773094691643968,9.289428778295147,167541.0,165868.0,165999.0,174235.0,162345.0,161160.0,171774.0,177602.0,173195.0,166599.0,143318.0,117791.0,88353.0,60563.0,38558.0,28734.0
JAWA BARAT,Kota Cimahi,kotacimahi,13.85,11.52,4.39,0.83,8.97,14110.0,43422.59,598698.0,47828.0,72.52836989600767,7.988668744508917,39.99195633976046,0.18906605922551253,2.33,-1.8499999999999996,0.0,4.283977794229715,9.55463904484686,45886.0,41855.0,43150.0,47828.0,49506.0,49862.0,48352.0,44146.0,44459.0,44749.0,39488.0,33515.0,25761.0,18301.0,12198.0,9642.0
JAWA BARAT,Kota Tasikmalaya,kotatasikmalaya,13.5,9.63,11.1,1.35,6.49,4081.0,29612.77,750727.0,61946.0,39.44545753649462,8.25146824344935,45.35310802830673,0.12162162162162163,3.869999999999999,-1.5,0.0,3.6749188958331747,8.314097335405807,62964.0,58243.0,57012.0,61946.0,61204.0,60007.0,58718.0,56492.0,53132.0,49609.0,44308.0,38552.0,32517.0,24020.0,17170.0,14833.0
JAWA BARAT,Kota Banjar,kotabanjar,13.28,8.83,5.85,1.03,5.44,1601.0,5549.26,209791.0,15852.0,26.451373033161577,7.556091538721871,46.05332776385408,0.17606837606837608,4.449999999999999,-1.2799999999999994,0.0,3.2753080674735098,7.3783837129967145,17342.0,14848.0,14524.0,15852.0,16971.0,17151.0,16653.0,15201.0,14509.0,12819.0,12030.0,11657.0,10797.0,8294.0,5977.0,5166.0
JAWA TENGAH,Cilacap,cilacap,12.69,7.4,10.68,1.59,7.83,901.0,136245.8,2027379.0,149557.0,67.20292555067405,7.376864414596383,44.87808433658313,0.14887640449438203,5.289999999999999,-0.6899999999999995,0.0,4.207716781561753,6.803505257608338,152692.0,140927.0,147701.0,149557.0,150476.0,158414.0,154746.0,154460.0,145106.0,136115.0,132216.0,117611.0,100668.0,76498.0,55511.0,54681.0
JAWA TENGAH,Banyumas,banyumas,13.34,7.91,11.95,2.09,6.18,1391.0,74320.29,1847097.0,136523.0,40.23626804656171,7.391219843895583,45.75045707373386,0.17489539748953975,5.43,-1.3399999999999999,0.0,3.694768779108976,7.237778191923443,138428.0,131271.0,131602.0,136523.0,137653.0,136905.0,132395.0,132139.0,133843.0,133050.0,125940.0,107733.0,91120.0,71415.0,53473.0,53607.0
JAWA TENGAH,Purbalingga,purbalingga,12.03,7.36,14.18,2.1,4.96,1334.0,33444.66,1037637.0,80000.0,32.2315607481229,7.709825304995871,46.560140340172374,0.14809590973201694,4.669999999999999,-0.02999999999999936,0.0,3.472946119976718,7.195937226475569,81495.0,76902.0,76980.0,80000.0,79257.0,78766.0,77092.0,76158.0,76085.0,72440.0,65623.0,55530.0,47043.0,36895.0,27226.0,30145.0
JAWA TENGAH,Banjarnegara,banjarnegara,11.83,6.87,14.71,2.38,5.57,993.0,29278.8,1057562.0,77967.0,27.685185360290934,7.372333726060505,46.36098044344431,0.16179469748470426,4.96,0.16999999999999993,77967.0,3.3208974455854023,6.900730664045173,81901.0,75476.0,77722.0,77967.0,77448.0,79054.0,82797.0,79953.0,77795.0,71549.0,66469.0,59101.0,50438.0,40498.0,28774.0,30620.0
JAWA TENGAH,Kebumen,kebumen,13.39,7.87,15.71,2.35,5.07,1060.0,38628.96,1414754.0,105494.0,27.304365281879395,7.456702720048856,46.3851582062372,0.14958625079567153,5.5200000000000005,-1.3900000000000006,0.0,3.307046589843345,6.966024187106113,110909.0,100410.0,99910.0,105494.0,109397.0,115504.0,110451.0,105289.0,93887.0,89149.0,85366.0,81070.0,70853.0,56201.0,40061.0,40803.0
JAWA TENGAH,Purworejo,purworejo,13.55,8.65,10.87,1.08,3.89,768.0,24823.84,795033.0,56676.0,31.223659898394153,7.128760692952368,46.76412384531888,0.09935602575896965,4.9,-1.5500000000000007,0.0,3.4411761375052,6.643789733147672,56401.0,51865.0,53170.0,56676.0,58916.0,60570.0,57316.0,54889.0,50966.0,51220.0,51605.0,52790.0,46760.0,37764.0,25619.0,28506.0
JAWA TENGAH,Wonosobo,wonosobo,11.81,6.9,15.28,2.41,4.02,935.0,25043.56,920506.0,67528.0,27.206297405991922,7.335965219129478,45.18609881738374,0.15772251308900526,4.91,0.1899999999999995,67528.0,3.3034484687839196,6.840546529288687,74054.0,66477.0,65965.0,67528.0,68829.0,71944.0,71760.0,67384.0,64623.0,64174.0,60428.0,53949.0,43399.0,33928.0,24081.0,21983.0
JAWA TENGAH,Magelang,magelang,12.62,7.83,10.83,1.23,3.55,1236.0,43730.94,1341447.0,98733.0,32.59982690333647,7.3601864255538985,44.91805297631201,0.11357340720221606,4.789999999999999,-0.6199999999999992,0.0,3.4843069786449603,7.119635638017636,97575.0,92272.0,94191.0,98733.0,98505.0,102120.0,98536.0,94190.0,93688.0,95297.0,91782.0,84356.0,68452.0,54770.0,38715.0,38265.0
JAWA TENGAH,Boyolali,boyolali,12.67,8.17,9.63,1.56,3.16,1017.0,45862.24,1099850.0,81507.0,41.698631631586125,7.410737827885621,47.02068729514552,0.16199376947040497,4.5,-0.6699999999999999,0.0,3.7304683136760843,6.92461239604856,82447.0,79098.0,78815.0,81507.0,81343.0,81790.0,79978.0,80061.0,79048.0,74863.0,69961.0,64536.0,55005.0,44413.0,31594.0,35391.0
JAWA TENGAH,Klaten,klaten,13.43,9.29,12.04,1.46,3.97,1846.0,55244.33,1292800.0,94067.0,42.73230971534653,7.276222153465346,44.67258427670423,0.1212624584717608,4.140000000000001,-1.4299999999999997,0.0,3.7549553019125317,7.520776415062797,85690.0,86448.0,87222.0,94067.0,93310.0,89871.0,89486.0,92809.0,97084.0,94550.0,89113.0,83123.0,70191.0,55709.0,40562.0,43565.0
JAWA TENGAH,Sukoharjo,sukoharjo,13.92,10.01,7.47,1.21,3.65,2018.0,49928.42,941650.0,71521.0,53.02226942069771,7.595284872298624,43.14510305869763,0.16198125836680052,3.91,-1.92,0.0,3.9707120030511844,7.609862200913554,64524.0,63645.0,66652.0,71521.0,70151.0,67635.0,67898.0,67649.0,71422.0,70616.0,64137.0,58505.0,48295.0,36716.0,26008.0,26276.0
JAWA TENGAH,Wonogiri,wonogiri,12.61,7.68,10.71,1.53,2.4,588.0,39863.14,1054145.0,71149.0,37.81561360154438,6.749450976858022,47.767047995256405,0.14285714285714285,4.93,-0.6099999999999994,0.0,3.6327220755823855,6.376726947898627,64586.0,59292.0,63199.0,71149.0,78113.0,75219.0,69850.0,67307.0,69311.0,70395.0,73914.0,73018.0,65107.0,57491.0,44089.0,52105.0
JAWA TENGAH,Karanganyar,karanganyar,13.73,9.26,9.59,1.63,3.47,1253.0,51123.06,961909.0,70095.0,53.147501478830115,7.287071853990346,45.9399222895012,0.16996871741397288,4.470000000000001,-1.7300000000000004,0.0,3.973071094818097,7.133295954896068,66238.0,69646.0,68291.0,70095.0,69221.0,67473.0,68006.0,69187.0,73463.0,70148.0,64327.0,58663.0,48530.0,39549.0,27735.0,31337.0
JAWA TENGAH,Sragen,sragen,12.93,7.88,12.41,2.42,3.53,1010.0,52423.47,1004761.0,75647.0,52.175064517830606,7.5288551207700145,46.14280311845474,0.19500402900886382,5.05,-0.9299999999999997,0.0,3.9546046895284914,6.917705609835305,69064.0,67841.0,70907.0,75647.0,73008.0,70665.0,68565.0,71369.0,76920.0,72564.0,65912.0,60998.0,51872.0,44114.0,31454.0,33861.0
JAWA TENGAH,Grobogan,grobogan,12.48,7.29,11.43,1.9,3.23,762.0,37520.1,1506374.0,110276.0,24.90755947726129,7.320625555141021,45.35715595285653,0.1662292213473316,5.19,-0.4800000000000004,0.0,3.2151713508598,6.635946555686647,119672.0,109847.0,105986.0,110276.0,112245.0,116949.0,115577.0,114928.0,102753.0,100358.0,94269.0,90925.0,78046.0,57201.0,37891.0,39451.0
JAWA TENGAH,Blora,blora,12.6,7.26,11.42,1.59,3.67,464.0,33230.43,907993.0,64632.0,36.59767200848464,7.1181165493566585,42.378459917332044,0.13922942206654992,5.34,-0.5999999999999996,0.0,3.5999846320587965,6.139884552226255,64603.0,49942.0,60613.0,64632.0,68332.0,66141.0,65330.0,65911.0,65750.0,67180.0,62481.0,59458.0,52517.0,41216.0,28375.0,25512.0
JAWA TENGAH,Rembang,rembang,12.3,7.73,14.02,2.76,2.84,641.0,25805.85,665237.0,46111.0,38.79196436758629,6.931514633130749,43.49622081485444,0.19686162624821682,4.57,-0.3000000000000007,0.0,3.6582131212520594,6.46302945692067,48399.0,46535.0,44227.0,46111.0,49111.0,49072.0,50078.0,51005.0,48778.0,49696.0,44777.0,40295.0,34669.0,27417.0,18207.0,16860.0
JAWA TENGAH,Pati,pati,12.98,7.82,9.17,1.17,3.87,871.0,59071.52,1370821.0,94144.0,43.09207401987568,6.867709204921722,43.193004667176425,0.12758996728462377,5.16,-0.9800000000000004,0.0,3.7633390827478124,6.769641976852503,95055.0,92126.0,93423.0,94144.0,99071.0,101043.0,102276.0,101676.0,101966.0,102701.0,94274.0,86491.0,73682.0,57520.0,37192.0,38181.0
JAWA TENGAH,Kudus,kudus,13.28,9.35,7.23,1.02,3.19,2077.0,128629.51,883322.0,66193.0,145.62018154195187,7.493643314668944,42.10319720208621,0.14107883817427386,3.9299999999999997,-1.2799999999999994,0.0,4.981001735648605,7.638679823876112,67061.0,65548.0,65980.0,66193.0,66639.0,65696.0,67321.0,70110.0,68102.0,65014.0,58003.0,52871.0,41657.0,30100.0,17701.0,15326.0
JAWA TENGAH,Jepara,jepara,12.86,8.27,6.09,0.71,3.34,1228.0,40554.95,1232880.0,93369.0,32.89448283693466,7.573243138018299,43.25170019020751,0.11658456486042693,4.59,-0.8599999999999994,0.0,3.4933049487829617,7.113142108707088,95363.0,91223.0,91391.0,93369.0,94231.0,95336.0,95624.0,96543.0,93302.0,90421.0,80475.0,67512.0,53826.0,39780.0,26708.0,27776.0
JAWA TENGAH,Demak,demak,13.36,8.28,11.89,1.95,4.75,1396.0,35475.89,1252970.0,94099.0,28.313439268298524,7.5100760592831435,44.13915916427196,0.16400336417157274,5.08,-1.3599999999999994,0.0,3.343336577732215,7.241366283322318,99116.0,99755.0,95345.0,94099.0,96348.0,100634.0,102826.0,100435.0,90564.0,85029.0,76961.0,68374.0,54008.0,40562.0,25162.0,23752.0
JAWA TENGAH,Semarang,semarang,13.06,8.16,6.96,0.91,3.73,1147.0,65684.64,1089767.0,79722.0,60.27402187807118,7.315508728012501,43.6404425071539,0.1307471264367816,4.9,-1.0600000000000005,0.0,4.098901196280172,7.044905117129371,78703.0,76043.0,79431.0,79722.0,81224.0,83066.0,81541.0,82516.0,82575.0,78338.0,71622.0,64986.0,53087.0,42194.0,28789.0,25930.0
JAWA TENGAH,Temanggung,temanggung,12.62,7.53,8.67,0.97,2.35,936.0,28928.2,814879.0,59528.0,35.49999447770773,7.305133645608734,45.2334952823295,0.1118800461361015,5.089999999999999,-0.6199999999999992,0.0,3.5695325409238294,6.841615476477592,58182.0,56092.0,58446.0,59528.0,58875.0,58201.0,58465.0,57830.0,55020.0,58213.0,56993.0,53889.0,44068.0,35078.0,24353.0,21646.0
JAWA TENGAH,Kendal,kendal,13.0,7.74,9.35,0.91,5.01,1062.0,58855.38,1064812.0,77619.0,55.27302472173491,7.289455791257048,42.26800542450782,0.09732620320855616,5.26,-1.0,0.0,4.0122849906320734,6.967909201801884,77139.0,74704.0,78845.0,77619.0,78645.0,80468.0,86074.0,86985.0,79907.0,75283.0,67569.0,63379.0,52526.0,40279.0,25501.0,19889.0
JAWA TENGAH,Batang,batang,12.17,7.08,8.73,1.25,5.67,978.0,30421.79,838187.0,59869.0,36.29475284154968,7.142678185178247,44.58754306039754,0.143184421534937,5.09,-0.16999999999999993,0.0,3.5916731810029052,6.885509670034818,66434.0,64758.0,62589.0,59869.0,62037.0,64883.0,68661.0,67661.0,60675.0,56483.0,52497.0,47444.0,39499.0,28889.0,20044.0,15764.0
JAWA TENGAH,Pekalongan,pekalongan,12.46,7.48,8.95,1.16,3.3,1219.0,30352.1,1019006.0,76403.0,29.785987521172594,7.497796872638631,45.40921966080895,0.12960893854748604,4.98,-0.46000000000000085,0.0,3.394038065514169,7.105786129481271,84135.0,80042.0,77216.0,76403.0,78695.0,84717.0,85631.0,80284.0,73161.0,66795.0,59002.0,52202.0,43895.0,32730.0,21806.0,22292.0
JAWA TENGAH,Pemalang,pemalang,12.02,6.56,14.92,2.56,6.63,1382.0,34922.77,1541685.0,116386.0,22.65233818841073,7.549272387031074,44.16988590297123,0.17158176943699732,5.46,-0.019999999999999574,0.0,3.1202630778774734,7.231287004327616,122743.0,114108.0,117212.0,116386.0,120119.0,130064.0,127934.0,120803.0,113477.0,103804.0,90671.0,79475.0,66620.0,51750.0,36156.0,30363.0
JAWA TENGAH,Tegal,tegal,12.96,7.36,6.81,0.97,7.53,1702.0,47826.44,1674803.0,128680.0,28.556457087788832,7.683291706546978,44.42526213034641,0.14243759177679882,5.6000000000000005,-0.9600000000000009,0.0,3.3518830782283437,7.43955930913332,136887.0,134061.0,129120.0,128680.0,124853.0,135550.0,132828.0,133231.0,129402.0,120482.0,103296.0,84088.0,67223.0,52778.0,35286.0,27038.0
JAWA TENGAH,Brebes,brebes,12.45,6.41,15.6,2.5,8.35,1167.0,62047.04,2065501.0,151767.0,30.039704652769473,7.347708860949474,43.748725539936096,0.16025641025641027,6.039999999999999,-0.4499999999999993,0.0,3.402519995048982,7.062191632286556,162777.0,158559.0,154687.0,151767.0,158426.0,169642.0,174200.0,168081.0,154559.0,144788.0,126605.0,104272.0,84543.0,65555.0,45378.0,41662.0
JAWA TENGAH,Kota Magelang,kotamagelang,14.62,11.43,5.94,0.92,4.4,6600.0,11826.06,122431.0,9157.0,96.59367317101061,7.47931487940146,41.68778715180132,0.15488215488215487,3.1899999999999995,-2.619999999999999,0.0,4.570513243949459,8.794824928014517,7558.0,7144.0,7911.0,9157.0,10037.0,9932.0,8504.0,7858.0,8366.0,8732.0,8507.0,8083.0,7233.0,5642.0,4029.0,3738.0
JAWA TENGAH,Kota Surakarta,kotasurakarta,15.07,11.25,8.31,1.14,4.61,11283.0,64691.67,528044.0,39621.0,122.51189294831491,7.50335199339449,42.421283734579056,0.13718411552346568,3.8200000000000003,-3.0700000000000003,0.0,4.808208110564676,9.331052447138447,33860.0,34235.0,36111.0,39621.0,41243.0,39514.0,37811.0,37290.0,39199.0,39086.0,35884.0,33082.0,28032.0,22775.0,16249.0,14052.0
JAWA TENGAH,Kota Salatiga,kotasalatiga,15.46,11.48,4.57,0.61,3.86,3661.0,18080.61,201270.0,15116.0,89.83261290803398,7.510309534456202,43.15587325296063,0.1334792122538293,3.9800000000000004,-3.460000000000001,0.0,4.497948082072169,8.205491613120236,14854.0,13350.0,14034.0,15116.0,15491.0,15359.0,14761.0,14908.0,15621.0,14822.0,13101.0,11789.0,9627.0,7896.0,5551.0,4990.0
JAWA TENGAH,Kota Semarang,kotasemarang,15.57,11.05,4.03,0.59,5.82,4572.0,267615.65,1708833.0,128027.0,156.60725770160104,7.4920720749189655,40.657194219733114,0.14640198511166252,4.52,-3.5700000000000003,0.0,5.053741127959164,8.427706024914702,113634.0,119165.0,123959.0,128027.0,130152.0,127180.0,130298.0,132728.0,134793.0,130911.0,115617.0,101326.0,83860.0,64019.0,41423.0,31741.0
JAWA TENGAH,Kota Pekalongan,kotapekalongan,12.89,9.34,6.71,0.84,4.91,7096.0,14766.38,321095.0,24347.0,45.98757377100235,7.582491163051433,42.9464977340112,0.12518628912071533,3.5500000000000007,-0.8900000000000006,0.0,3.82837122458296,8.867286523989415,25911.0,23969.0,24324.0,24347.0,25295.0,25329.0,25591.0,25184.0,24353.0,22923.0,19759.0,17582.0,14263.0,10535.0,6986.0,4744.0
JAWA TENGAH,Kota Tegal,kotategal,13.25,9.28,7.64,1.34,5.88,7200.0,20663.25,285843.0,21824.0,72.28880889159434,7.634960450317132,43.36809160535067,0.17539267015706808,3.9700000000000006,-1.25,0.0,4.280669330069079,8.881836305004146,22938.0,21394.0,20910.0,21824.0,21826.0,21876.0,21931.0,21804.0,22981.0,22418.0,18338.0,14589.0,11790.0,9653.0,6638.0,4933.0
D I YOGYAKARTA,Kulon Progo,kulonprogo,14.49,9.2,15.62,2.48,2.01,763.0,16916.29,445315.0,30685.0,37.98724498388781,6.890627982439397,49.56706612569525,0.15877080665813062,5.290000000000001,-2.49,0.0,3.6372504450617815,6.637258031284457,29254.0,29097.0,29519.0,30685.0,31204.0,31180.0,30658.0,29733.0,30030.0,30260.0,29165.0,29025.0,25796.0,21159.0,16171.0,22379.0
D I YOGYAKARTA,Bantul,bantul,15.63,9.81,11.66,2.18,3.62,2024.0,36465.08,1017750.0,71746.0,35.82911323999017,7.049471874232376,45.13782924290176,0.18696397941680962,5.82,-3.630000000000001,0.0,3.5787607819173854,7.6128310304073565,67426.0,69094.0,70701.0,71746.0,71189.0,70457.0,74029.0,76769.0,75449.0,73436.0,67735.0,64399.0,56021.0,43711.0,29440.0,36148.0
D I YOGYAKARTA,Gunung Kidul,gunungkidul,13.4,7.35,15.18,2.56,2.16,507.0,26705.33,752188.0,49584.0,35.503531032135584,6.591969029019341,51.24038395804933,0.1686429512516469,6.050000000000001,-1.4000000000000004,0.0,3.5696321572289462,6.2285110035911835,46234.0,45691.0,47582.0,49584.0,49878.0,49994.0,51577.0,49072.0,49795.0,50698.0,52748.0,50102.0,43898.0,38805.0,31277.0,45253.0
D I YOGYAKARTA,Sleman,sleman,16.79,11.33,7.46,1.21,4.13,2052.0,63684.7,1168471.0,83276.0,54.50259356030231,7.126920565422676,43.89700241004213,0.16219839142091153,5.459999999999999,-4.789999999999999,0.0,3.9982482887993407,7.62657020629066,76558.0,78490.0,80503.0,83276.0,87866.0,88450.0,84753.0,85286.0,85538.0,86133.0,79484.0,71859.0,59374.0,47326.0,33959.0,39616.0
D I YOGYAKARTA,Kota Yogyakarta,kotayogyakarta,17.66,12.12,6.26,0.76,5.8,11562.0,49389.88,375779.0,26297.0,131.43331585852323,6.997996162638147,41.933010522817064,0.12140575079872205,5.540000000000001,-5.66,0.0,4.8784996192597685,9.355479137642421,22693.0,22727.0,24125.0,26297.0,30264.0,30671.0,27398.0,26879.0,26353.0,26486.0,25258.0,23627.0,21525.0,16948.0,12515.0,12013.0
JAWA TIMUR,Pacitan,pacitan,12.69,7.9,13.08,1.49,1.56,411.0,20656.58,588569.0,36672.0,35.09627588269175,6.23070532087147,47.01434751765964,0.11391437308868502,4.789999999999999,-0.6899999999999995,0.0,3.5580950246345826,6.018593214496234,35801.0,33645.0,35125.0,36672.0,38221.0,41657.0,41986.0,42318.0,39559.0,37614.0,42649.0,42205.0,37467.0,31352.0,23601.0,28697.0
JAWA TIMUR,Ponorogo,ponorogo,13.78,7.8,9.11,1.02,4.19,679.0,27047.08,962941.0,59335.0,28.087992929992595,6.161852076087736,47.032749238070224,0.11196487376509331,5.9799999999999995,-1.7799999999999994,0.0,3.335342187156921,6.520621127558696,62363.0,57012.0,59511.0,59335.0,61576.0,65082.0,67195.0,71631.0,71598.0,67835.0,69019.0,64188.0,57457.0,48880.0,36564.0,43695.0
JAWA TIMUR,Trenggalek,trenggalek,12.63,7.92,10.5,1.43,3.9,596.0,24364.74,744516.0,46823.0,32.72560965781796,6.289052216473522,45.677606438244396,0.1361904761904762,4.710000000000001,-0.6300000000000008,0.0,3.48815794134949,6.39024066706535,48239.0,46455.0,47684.0,46823.0,48190.0,51715.0,54317.0,54223.0,54705.0,51906.0,53189.0,51748.0,44255.0,35771.0,26418.0,28878.0
JAWA TIMUR,Tulungagung,tulungagung,13.36,8.68,6.28,0.6,4.12,973.0,51246.65,1113847.0,76353.0,46.008697783447815,6.854891201394805,43.57343294625053,0.09554140127388534,4.68,-1.3599999999999994,0.0,3.828830460864165,6.880384082186005,74308.0,69331.0,73982.0,76353.0,77559.0,77974.0,75752.0,79970.0,85571.0,85263.0,82451.0,73527.0,61383.0,47334.0,36211.0,36878.0
JAWA TIMUR,Blitar,blitar,12.67,7.87,8.16,0.8,4.77,724.0,47779.19,1263645.0,88742.0,37.8106113663252,7.022700204566948,44.94100941234226,0.09803921568627451,4.8,-0.6699999999999999,0.0,3.632589787206796,6.584791392385716,83700.0,82091.0,89801.0,88742.0,89593.0,87547.0,89659.0,92968.0,94540.0,89258.0,88870.0,80695.0,69962.0,54282.0,40720.0,41217.0
JAWA TIMUR,Kediri,kediri,13.63,8.26,9.95,1.22,5.1,1109.0,54649.67,1689916.0,120005.0,32.33869020708722,7.1012405350325105,44.33906504634454,0.12261306532663317,5.370000000000001,-1.6300000000000008,0.0,3.476264352620288,7.011213987350367,123618.0,112717.0,119501.0,120005.0,126276.0,125010.0,118152.0,121551.0,126792.0,120600.0,115645.0,106140.0,90625.0,65837.0,46285.0,51162.0
JAWA TIMUR,Malang,malang,13.49,7.8,8.98,0.98,5.13,788.0,138423.17,2735993.0,192816.0,50.59339333105019,7.047386451646623,43.861146296538756,0.10913140311804008,5.69,-1.4900000000000002,0.0,3.923821001188826,6.669498089857879,190205.0,185887.0,197146.0,192816.0,193287.0,200107.0,202828.0,207119.0,207581.0,200951.0,183885.0,169369.0,143886.0,110997.0,75130.0,74799.0
JAWA TIMUR,Lumajang,lumajang,12.41,7.27,8.65,1.23,3.28,638.0,43059.45,1145849.0,79989.0,37.57864256110535,6.9807627357531405,44.953718755257796,0.1421965317919075,5.140000000000001,-0.41000000000000014,0.0,3.626435872021203,6.45833828334479,79430.0,76361.0,76150.0,79989.0,85790.0,84906.0,84028.0,82981.0,80181.0,81316.0,77224.0,71468.0,62610.0,51072.0,35605.0,36738.0
JAWA TIMUR,Jember,jember,13.5,6.54,9.01,1.01,3.23,786.0,102757.71,2603817.0,187389.0,39.464259585063004,7.196703915828186,43.55630046394438,0.1120976692563818,6.96,-1.5,0.0,3.675395441678479,6.666956792429207,181479.0,167471.0,183209.0,187389.0,196640.0,198005.0,201624.0,195329.0,184745.0,183946.0,176232.0,158260.0,131625.0,103484.0,75454.0,78925.0
JAWA TIMUR,Banyuwangi,banyuwangi,13.14,7.78,6.54,0.44,4.03,488.0,108922.59,1754393.0,124668.0,62.08562733663438,7.106047504749506,45.072445552135825,0.0672782874617737,5.36,-1.1400000000000006,0.0,4.128514518297652,6.1903154058531475,124255.0,115060.0,121301.0,124668.0,128564.0,127564.0,124102.0,120306.0,122665.0,130474.0,125472.0,111637.0,93870.0,71613.0,52371.0,60471.0
JAWA TIMUR,Bondowoso,bondowoso,13.33,6.53,12.6,1.51,3.63,510.0,26543.06,792309.0,53526.0,33.50089422182507,6.755697587683593,46.34636945804619,0.11984126984126985,6.8,-1.33,0.0,3.511572131663572,6.234410725718371,57613.0,51774.0,50733.0,53526.0,58004.0,58122.0,57710.0,56493.0,55353.0,56907.0,53284.0,50301.0,41693.0,35210.0,25078.0,30508.0
JAWA TIMUR,Situbondo,situbondo,13.2,6.93,11.51,1.19,3.15,424.0,27101.63,700719.0,47081.0,38.67688759688263,6.7189558153839135,44.15832092100824,0.10338835794960903,6.27,-1.1999999999999993,0.0,3.6552422019102093,6.049733455231958,48195.0,42546.0,43978.0,47081.0,50370.0,50151.0,51044.0,51291.0,51245.0,52826.0,48699.0,45034.0,38335.0,31524.0,23394.0,25006.0
JAWA TIMUR,Probolinggo,probolinggo,12.64,6.31,16.45,2.63,3.0,687.0,45675.15,1185242.0,85446.0,38.536560466132656,7.209160660860819,45.43292739041075,0.15987841945288753,6.330000000000001,-0.6400000000000006,0.0,3.6516074131844953,6.532334292222349,87337.0,87086.0,85716.0,85446.0,86738.0,89243.0,86987.0,87316.0,82389.0,87049.0,79436.0,71620.0,58751.0,45345.0,32152.0,32631.0
JAWA TIMUR,Pasuruan,pasuruan,12.78,7.46,8.63,1.09,5.02,1110.0,201665.14,1657216.0,119433.0,121.68910992894106,7.20684569784506,42.24505018269712,0.12630359212050984,5.319999999999999,-0.7799999999999994,0.0,4.801469513072153,7.01211529430638,115257.0,122771.0,121914.0,119433.0,122038.0,127890.0,130816.0,128844.0,123702.0,122491.0,110232.0,99217.0,80380.0,60353.0,37816.0,34062.0
JAWA TIMUR,Sidoarjo,sidoarjo,15.22,10.91,4.53,0.64,6.49,2999.0,296887.11,2171480.0,164152.0,136.72108884263267,7.559452539281965,39.27519788292052,0.141280353200883,4.3100000000000005,-3.2200000000000006,0.0,4.917943002808922,8.00603417874901,146084.0,151913.0,161672.0,164152.0,161068.0,164349.0,170437.0,166418.0,170148.0,167749.0,158242.0,134963.0,101603.0,72841.0,44144.0,35697.0
JAWA TIMUR,Mojokerto,mojokerto,12.99,9.13,9.37,1.01,3.87,1172.0,113129.71,1154257.0,82865.0,98.01085026991389,7.179077103279425,43.36494774678991,0.10779082177161153,3.8599999999999994,-0.9900000000000002,0.0,4.58507818958183,7.066466970136958,84561.0,83721.0,84627.0,82865.0,81901.0,84252.0,88981.0,86423.0,85003.0,81767.0,81224.0,73793.0,58909.0,42647.0,27386.0,26197.0
JAWA TIMUR,Jombang,jombang,13.61,8.78,8.6,0.9,3.75,1228.0,53898.91,1362697.0,101580.0,39.553114155237736,7.454335042933242,43.99670731101645,0.10465116279069768,4.83,-1.6099999999999994,0.0,3.6776444308164526,7.113142108707088,100166.0,96606.0,101020.0,101580.0,102422.0,99585.0,100787.0,101769.0,102287.0,96678.0,90173.0,82614.0,68444.0,50775.0,33730.0,34061.0
JAWA TIMUR,Nganjuk,nganjuk,13.18,8.25,10.17,1.04,3.87,878.0,36270.56,1131777.0,80688.0,32.047443975270745,7.129319645124436,44.728701699107035,0.10226155358898723,4.93,-1.1799999999999997,0.0,3.467217429024787,6.777646593635117,77481.0,76339.0,80456.0,80688.0,79719.0,81402.0,78565.0,83293.0,85468.0,83453.0,77183.0,70916.0,61312.0,46452.0,32424.0,36626.0
JAWA TIMUR,Madiun,madiun,13.27,8.2,10.63,1.4,4.34,681.0,25548.56,757839.0,48518.0,33.712384820522566,6.402151380438326,46.598407192972616,0.1317027281279398,5.07,-1.2699999999999996,0.0,3.5178652719386196,6.523562306149512,49740.0,46247.0,48551.0,48518.0,48264.0,49419.0,50592.0,52171.0,56634.0,57853.0,54917.0,52583.0,45998.0,38428.0,27728.0,30196.0
JAWA TIMUR,Magetan,magetan,14.08,8.69,9.32,1.09,3.28,970.0,24577.3,685500.0,44377.0,35.85309992706054,6.473668854850474,50.198840916311525,0.11695278969957082,5.390000000000001,-2.08,0.0,3.5794300326814423,6.877296071497429,45239.0,43869.0,44803.0,44377.0,44790.0,45898.0,45420.0,47069.0,50100.0,49912.0,45568.0,43401.0,39860.0,36347.0,27773.0,31074.0
JAWA TIMUR,Ngawi,ngawi,12.89,7.84,13.81,2.22,2.4,633.0,25944.84,884086.0,58923.0,29.34651153847024,6.66484934723545,46.96286888829415,0.1607530774800869,5.050000000000001,-0.8900000000000006,0.0,3.379173681917692,6.450470422144176,57391.0,54943.0,57873.0,58923.0,60345.0,61359.0,59183.0,62095.0,63429.0,63160.0,60070.0,59508.0,53499.0,46128.0,34153.0,32027.0
JAWA TIMUR,Bojonegoro,bojonegoro,13.18,7.59,11.69,1.99,4.42,573.0,101794.09,1325299.0,88429.0,76.80839569033101,6.672381100415831,43.10925141052291,0.17023096663815226,5.59,-1.1799999999999997,0.0,4.341313953063271,6.35088571671474,84266.0,88646.0,87813.0,88429.0,89177.0,93967.0,97510.0,97091.0,99296.0,100618.0,93982.0,89404.0,76601.0,59658.0,40699.0,38142.0
JAWA TIMUR,Tuban,tuban,12.54,7.53,14.36,1.95,4.28,621.0,87110.99,1225205.0,82370.0,71.09911402581609,6.722956566452145,42.759350338079145,0.13579387186629527,5.009999999999999,-0.5399999999999991,0.0,4.264074875772571,6.431331081933479,76928.0,80436.0,84792.0,82370.0,82086.0,89701.0,93450.0,95814.0,92710.0,92679.0,84022.0,77413.0,67986.0,54445.0,36013.0,34360.0
JAWA TIMUR,Lamongan,lamongan,14.03,8.48,12.16,1.88,4.34,786.0,52076.88,1378147.0,91049.0,37.78760901413275,6.606624692431214,43.90384739883427,0.15460526315789472,5.549999999999999,-2.0299999999999994,0.0,3.6319812450271907,6.666956792429207,92864.0,90091.0,89549.0,91049.0,98069.0,104509.0,105035.0,98013.0,96731.0,100124.0,97649.0,88303.0,78204.0,62709.0,42437.0,42811.0
JAWA TIMUR,Gresik,gresik,13.98,10.03,10.32,1.58,6.45,1086.0,188604.51,1364019.0,102363.0,138.27117510826463,7.504514233306134,41.3847217485854,0.15310077519379844,3.950000000000001,-1.9800000000000004,0.0,4.929216794013901,6.990256500493881,95967.0,99609.0,102138.0,102363.0,101861.0,101353.0,105066.0,103604.0,107701.0,107054.0,94050.0,79078.0,62627.0,46981.0,29974.0,24593.0
JAWA TIMUR,Bangkalan,bangkalan,11.98,6.01,18.66,2.03,5.35,847.0,28738.77,1102522.0,88137.0,26.066391418946743,7.994126194307234,42.15085095410005,0.1087888531618435,5.970000000000001,0.019999999999999574,88137.0,3.2606467994519606,6.741700694652055,84840.0,73365.0,84423.0,88137.0,90342.0,94930.0,96915.0,94874.0,77817.0,71075.0,60282.0,54566.0,46662.0,35414.0,24195.0,24685.0
JAWA TIMUR,Sampang,sampang,12.55,5.08,20.83,2.86,2.5,827.0,24881.79,1016254.0,69447.0,24.48382982994409,6.833626239109513,45.62579798324289,0.13730196831493038,7.470000000000001,-0.5500000000000007,0.0,3.1980128927091602,6.717804695023691,91618.0,80685.0,73822.0,69447.0,74598.0,93503.0,92931.0,88401.0,71060.0,66895.0,53085.0,48889.0,39044.0,30367.0,20527.0,21382.0
JAWA TIMUR,Pamekasan,pamekasan,13.69,7.17,13.41,1.05,1.64,1113.0,22492.18,884697.0,62662.0,25.423597005528446,7.082876962395035,44.69972293188442,0.07829977628635347,6.52,-1.6899999999999995,0.0,3.2356777587219283,7.014814351275545,72654.0,67649.0,62919.0,62662.0,66426.0,73683.0,67933.0,68760.0,63742.0,66115.0,54754.0,48135.0,39192.0,28547.0,20524.0,21002.0
JAWA TIMUR,Sumenep,sumenep,13.59,6.1,17.78,4.19,1.69,553.0,45222.29,1153188.0,74634.0,39.21501958050205,6.471971612607831,44.31572584732559,0.23565804274465693,7.49,-1.5899999999999999,0.0,3.6690598259760456,6.315358001522335,81724.0,70135.0,71743.0,74634.0,79192.0,81845.0,82782.0,87419.0,82328.0,89934.0,81922.0,76062.0,62955.0,51432.0,36855.0,42226.0
JAWA TIMUR,Kota Kediri,kotakediri,15.71,10.92,6.51,1.02,3.91,4436.0,168748.92,298227.0,23307.0,565.8405174581778,7.815187759659588,43.328751585989465,0.1566820276497696,4.790000000000001,-3.710000000000001,0.0,6.338312267222895,8.397508348470257,21410.0,20621.0,22078.0,23307.0,25811.0,23447.0,20471.0,20754.0,22533.0,21102.0,18587.0,17329.0,14731.0,11428.0,7664.0,6954.0
JAWA TIMUR,Kota Blitar,kotablitar,14.81,10.82,6.75,1.06,5.11,4664.0,9187.7,154867.0,11572.0,59.326389740874426,7.47221809681856,43.713402808066,0.15703703703703706,3.99,-2.8100000000000005,0.0,4.083054227936605,8.447628728030327,10940.0,10718.0,11260.0,11572.0,11751.0,11410.0,11268.0,11744.0,12170.0,11021.0,10008.0,9204.0,7613.0,5956.0,4218.0,4014.0
JAWA TIMUR,Kota Malang,kotamalang,15.79,11.14,3.91,0.42,6.1,7857.0,100116.87,872694.0,63232.0,114.72162063678678,7.245609572198274,43.34776074047914,0.10741687979539641,4.649999999999999,-3.789999999999999,0.0,4.74250850364123,8.969160133175821,58985.0,61879.0,64153.0,63232.0,64433.0,67101.0,66993.0,67798.0,66623.0,62734.0,55876.0,50978.0,43027.0,33632.0,23304.0,21946.0
JAWA TIMUR,Kota Probolinggo,kotaprobolinggo,13.98,9.72,6.18,0.98,4.44,4564.0,15374.98,249539.0,18816.0,61.613535359202366,7.540304321168234,44.87276991761831,0.15857605177993528,4.26,-1.9800000000000004,0.0,4.120881576259586,8.425954710981966,19912.0,19176.0,18948.0,18816.0,19553.0,19314.0,18861.0,18373.0,18152.0,17567.0,16126.0,14286.0,11199.0,8472.0,5621.0,5163.0
JAWA TIMUR,Kota Pasuruan,kotapasuruan,13.67,9.94,6.32,0.7,4.63,5626.0,11208.17,219392.0,16792.0,51.08741430863477,7.653879813302217,45.04393127020541,0.11075949367088607,3.7300000000000004,-1.67,0.0,3.933538171543939,8.635153989049803,17844.0,17544.0,17329.0,16792.0,17006.0,17259.0,17247.0,16770.0,16371.0,15152.0,13092.0,11683.0,9887.0,7209.0,4684.0,3523.0
JAWA TIMUR,Kota Mojokerto,kotamojokerto,14.13,11.38,5.57,0.74,3.76,6796.0,8612.33,137393.0,10607.0,62.683906749252145,7.720189529306443,43.96500235762561,0.13285457809694792,2.75,-2.130000000000001,0.0,4.138104744027487,8.824089482791823,9673.0,10175.0,10459.0,10607.0,10162.0,9755.0,10599.0,10543.0,10579.0,9814.0,8846.0,7897.0,6633.0,5225.0,3509.0,2917.0
JAWA TIMUR,Kota Madiun,kotamadiun,14.54,12.11,4.38,0.56,4.3,5585.0,18653.19,201767.0,14182.0,92.4491616567625,7.0288996714031535,43.83264779475189,0.12785388127853883,2.4299999999999997,-2.539999999999999,0.0,4.526658889720223,8.6278397115033,13463.0,12546.0,12959.0,14182.0,15560.0,15011.0,14259.0,13929.0,15046.0,15281.0,13515.0,12609.0,10887.0,8989.0,6710.0,6821.0
JAWA TIMUR,Kota Surabaya,kotasurabaya,14.87,10.89,3.96,0.65,4.91,8698.0,772493.61,2921996.0,222899.0,264.3718916795232,7.62831297510332,41.89371553718888,0.16414141414141414,3.9799999999999986,-2.869999999999999,0.0,5.577356792490852,9.070848393157585,187400.0,209102.0,223493.0,222899.0,217351.0,214934.0,222775.0,223697.0,230022.0,223148.0,198873.0,169665.0,135921.0,106046.0,73526.0,63144.0
JAWA TIMUR,Kota Batu,kotabatu,14.58,9.87,3.06,0.46,3.63,1147.0,22154.31,222685.0,15369.0,99.48721287917911,6.901677257112064,43.50571934912196,0.1503267973856209,4.710000000000001,-2.58,0.0,4.600029122128849,7.044905117129371,16430.0,16209.0,15676.0,15369.0,15912.0,17099.0,17777.0,17228.0,16827.0,15797.0,14517.0,13533.0,11116.0,8486.0,5487.0,5222.0
BANTEN,Pandeglang,pandeglang,13.74,7.16,9.18,1.52,8.09,478.0,35904.68,1325952.0,116481.0,27.078416111593782,8.784707138719954,45.251866652644864,0.1655773420479303,6.58,-1.7400000000000002,0.0,3.298736957101377,6.169610732491456,109600.0,110251.0,114912.0,116481.0,117365.0,116110.0,103268.0,97954.0,91657.0,82508.0,73124.0,61487.0,52910.0,35642.0,23693.0,18990.0
BANTEN,Lebak,lebak,12.11,6.61,8.44,1.02,6.23,438.0,37631.48,1449205.0,123264.0,25.9669818969711,8.50562894828544,45.527641319585314,0.12085308056872039,5.499999999999999,-0.10999999999999943,0.0,3.2568258039412386,6.082218910376446,122097.0,124665.0,123821.0,123264.0,127321.0,125820.0,113942.0,114362.0,101427.0,90213.0,77814.0,68681.0,52984.0,39381.0,23057.0,20356.0
BANTEN,Tangerang,tangerang,12.88,9.06,6.55,1.2,6.06,3309.0,186104.15,3400486.0,264999.0,54.72869172230087,7.792974298379702,40.74643724413161,0.183206106870229,3.8200000000000003,-0.8800000000000008,0.0,4.002388100654894,8.104401307921613,265379.0,286616.0,285162.0,264999.0,268946.0,285595.0,299954.0,290525.0,271146.0,250423.0,210886.0,160820.0,112743.0,73615.0,43309.0,30368.0
BANTEN,Serang,serang,12.87,7.88,4.51,0.79,9.18,1158.0,102120.37,1701803.0,133877.0,60.00716299125104,7.8667742388513835,43.6206726310184,0.17516629711751663,4.989999999999999,-0.8699999999999992,0.0,4.0944639382840124,7.05444965813294,143984.0,143378.0,139324.0,133877.0,145658.0,153108.0,145070.0,142970.0,122577.0,111377.0,93671.0,77353.0,59268.0,42490.0,26454.0,21244.0
BANTEN,Kota Tangerang,kotatangerang,13.9,11.14,5.43,0.94,5.92,11012.0,224790.81,1963966.0,148408.0,114.45758735130853,7.556546294589621,41.608028823933616,0.1731123388581952,2.76,-1.9000000000000004,0.0,4.74020433822751,9.306740866262498,148738.0,162018.0,155331.0,148408.0,144704.0,149864.0,160141.0,161806.0,164484.0,150493.0,126142.0,101054.0,79807.0,55640.0,34878.0,20458.0
BANTEN,Kota Cilegon,kotacilegon,13.23,10.39,3.75,0.44,6.08,2804.0,137989.3,455617.0,35376.0,302.8624919614501,7.7644161653318475,45.62688179604047,0.11733333333333333,2.84,-1.2300000000000004,0.0,5.713278880591635,7.938802248154481,40272.0,42098.0,38256.0,35376.0,33855.0,37733.0,37438.0,37135.0,33856.0,30837.0,27431.0,22103.0,17102.0,11260.0,6728.0,4137.0
BANTEN,Kota Serang,kotaserang,12.83,8.93,5.65,0.75,7.12,2765.0,42988.41,734866.0,61612.0,58.49829764882305,8.384113566282833,44.010331440934216,0.1327433628318584,3.9000000000000004,-0.8300000000000001,0.0,4.068997653794278,7.9247959139564355,62079.0,65969.0,65442.0,61612.0,62808.0,65647.0,63140.0,60026.0,51959.0,47766.0,40920.0,32537.0,23872.0,15726.0,9583.0,5780.0
BANTEN,Kota Tangerang Selatan,kotatangerangselatan,14.7,11.86,2.36,0.27,5.09,8489.0,112213.99,1399496.0,108996.0,80.18171541755032,7.788232335069196,40.05239846046999,0.11440677966101696,2.84,-2.6999999999999993,0.0,4.38429550156707,9.046526486737967,94062.0,105439.0,110967.0,108996.0,105926.0,107234.0,108933.0,110071.0,112235.0,106020.0,95729.0,79666.0,64456.0,44155.0,28085.0,17522.0
BALI,Jembrana,jembrana,13.05,8.7,4.51,0.36,1.53,383.0,16845.01,325633.0,23901.0,51.73004578774264,7.33985806106875,44.94545066077922,0.07982261640798226,4.350000000000001,-1.0500000000000007,0.0,3.9460387691444083,5.948034989180646,24344.0,22997.0,23068.0,23901.0,23978.0,23411.0,23891.0,23757.0,23535.0,23240.0,21329.0,19678.0,17939.0,12913.0,8553.0,9099.0
BALI,Tabanan,tabanan,13.29,9.57,4.4,0.75,1.85,551.0,27649.8,467667.0,29559.0,59.12283740353713,6.320522936191778,44.21169809924389,0.17045454545454544,3.719999999999999,-1.2899999999999991,0.0,4.079617269458792,6.311734809152915,28872.0,27304.0,26628.0,29559.0,32275.0,33616.0,32233.0,30866.0,30867.0,32501.0,36112.0,35900.0,30363.0,23706.0,17083.0,19782.0
BALI,Badung,badung,14.23,11.14,2.23,0.32,1.83,1426.0,75063.73,568547.0,42215.0,132.02730820846824,7.4250677604490045,39.20031926510266,0.14349775784753363,3.09,-2.2300000000000004,0.0,4.883008781556763,7.262628600974241,39685.0,35541.0,36667.0,42215.0,45212.0,45650.0,41818.0,39398.0,41054.0,44556.0,43377.0,37719.0,27439.0,19214.0,13444.0,15558.0
BALI,Gianyar,gianyar,14.11,9.84,4.0,0.49,1.98,1447.0,33046.6,527119.0,37286.0,62.692864419609236,7.07354506287954,42.564389667361745,0.1225,4.27,-2.1099999999999994,0.0,4.138247636052681,7.277247726631484,36183.0,32728.0,32756.0,37286.0,39180.0,39651.0,38826.0,35709.0,37593.0,41216.0,39454.0,33752.0,27074.0,20944.0,15665.0,19102.0
BALI,Klungkung,klungkung,13.13,8.74,5.3,0.23,1.23,667.0,11015.49,209309.0,15434.0,52.627885088553285,7.373787080345327,47.084782685077826,0.043396226415094344,4.390000000000001,-1.1300000000000008,0.0,3.9632461140352446,6.502790045915623,15515.0,14252.0,14278.0,15434.0,15349.0,15067.0,15076.0,14535.0,15257.0,15056.0,13246.0,12254.0,11031.0,8549.0,6663.0,7747.0
BALI,Bangli,bangli,12.53,7.58,5.06,0.89,0.74,498.0,8465.6,262297.0,19520.0,32.27486399005707,7.44194558077294,45.553977115079405,0.17588932806324112,4.949999999999999,-0.5299999999999994,0.0,3.4742887226279966,6.210600077024653,19017.0,16769.0,18248.0,19520.0,19599.0,19063.0,19421.0,19849.0,19816.0,19463.0,16959.0,13751.0,12765.0,10745.0,7593.0,9719.0
BALI,Karangasem,karangasem,12.91,6.7,6.52,0.56,1.63,599.0,20210.33,502333.0,40792.0,40.232933133996774,8.12050970173172,49.11023577638793,0.08588957055214726,6.21,-0.9100000000000001,0.0,3.694685892426421,6.395261598115449,39935.0,37313.0,39276.0,40792.0,36141.0,35296.0,37301.0,39998.0,37694.0,34978.0,28953.0,23514.0,22220.0,18282.0,13968.0,16672.0
BALI,Buleleng,buleleng,13.3,7.69,5.39,0.72,2.06,616.0,41387.75,814789.0,63569.0,50.79566611724017,7.801897178287875,46.018749003141565,0.13358070500927643,5.61,-1.3000000000000007,0.0,3.927811038292352,6.423246963533519,63348.0,59107.0,60683.0,63569.0,63759.0,61136.0,62798.0,62787.0,59332.0,54511.0,46585.0,44971.0,38555.0,30222.0,20819.0,22607.0
BALI,Kota Denpasar,kotadenpasar,14.13,11.53,2.59,0.36,2.11,6003.0,65300.21,755568.0,57132.0,86.4253250534697,7.5614636935391655,38.00353973249266,0.138996138996139,2.6000000000000014,-2.130000000000001,0.0,4.459280746905269,8.700014623251842,52261.0,49571.0,52438.0,57132.0,57100.0,59776.0,58673.0,57789.0,58079.0,59312.0,54917.0,48710.0,36011.0,24169.0,16076.0,13554.0
NUSA TENGGARA BARAT,Lombok Barat,lombokbarat,13.99,6.88,12.65,1.84,2.75,829.0,19159.98,765049.0,55915.0,25.044121356932692,7.308682188983974,48.05757038573784,0.14545454545454545,7.11,-1.9900000000000002,0.0,3.220639123620113,6.720220155135295,68657.0,70586.0,68408.0,55915.0,56949.0,62285.0,65184.0,62754.0,57691.0,53010.0,43396.0,34466.0,25074.0,17846.0,11450.0,11378.0
NUSA TENGGARA BARAT,Lombok Tengah,lomboktengah,13.89,6.73,12.07,1.56,2.55,949.0,22604.87,1109800.0,81537.0,20.36841773292485,7.346999459362047,46.888123874151105,0.12924606462303231,7.16,-1.8900000000000006,0.0,3.01398555088031,6.855408798609928,93089.0,95564.0,100601.0,81537.0,82383.0,90402.0,91474.0,90090.0,84089.0,78485.0,64253.0,53901.0,38927.0,29807.0,17950.0,17248.0
NUSA TENGGARA BARAT,Lombok Timur,lomboktimur,14.07,7.36,14.51,2.66,2.53,880.0,26292.68,1414461.0,110580.0,18.588479993439197,7.8178189430461495,51.01743394606784,0.18332184700206755,6.71,-2.0700000000000003,0.0,2.9225420336480563,6.779921907472252,135183.0,139015.0,128708.0,110580.0,109828.0,108525.0,111172.0,111711.0,105359.0,94284.0,78034.0,60060.0,47068.0,32698.0,22901.0,19335.0
NUSA TENGGARA BARAT,Sumbawa,sumbawa,13.34,8.59,12.87,1.98,2.67,81.0,18517.44,536597.0,41435.0,34.50902632702009,7.721809849850074,46.93115883494933,0.15384615384615385,4.75,-1.3399999999999999,0.0,3.541220922484705,4.394449154672439,46712.0,41789.0,45708.0,41435.0,43326.0,42935.0,40398.0,40462.0,39204.0,35875.0,32328.0,26393.0,22847.0,15685.0,11108.0,10392.0
NUSA TENGGARA BARAT,Dompu,dompu,13.84,9.04,11.59,1.62,2.7,110.0,9064.03,250943.0,21566.0,36.11987582837537,8.593983494259652,50.27336802582175,0.13977566867989646,4.800000000000001,-1.8399999999999999,0.0,3.586843290790256,4.700480365792417,24386.0,21791.0,22722.0,21566.0,19113.0,21386.0,19399.0,18321.0,17537.0,15461.0,14023.0,11059.0,9126.0,6809.0,4112.0,4132.0
NUSA TENGGARA BARAT,Bima,bima,13.66,8.3,13.88,1.89,2.19,129.0,14756.77,543459.0,48450.0,27.153419117173513,8.915115951709328,48.51203489134712,0.13616714697406337,5.359999999999999,-1.6600000000000001,0.0,3.301502972785081,4.859812404361672,51132.0,44252.0,44553.0,48450.0,49882.0,47763.0,41753.0,38748.0,34470.0,31992.0,29242.0,23823.0,19813.0,15957.0,10695.0,10934.0
NUSA TENGGARA BARAT,Sumbawa Barat,sumbawabarat,13.68,8.99,12.23,2.33,3.1,89.0,36564.87,155535.0,12253.0,235.09094416047836,7.877969588838525,52.282251116158854,0.19051512673753065,4.6899999999999995,-1.6799999999999997,0.0,5.459972435707923,4.48863636973214,14799.0,15178.0,15387.0,12253.0,11267.0,11030.0,11431.0,11481.0,11778.0,11329.0,9365.0,6888.0,5314.0,3312.0,2465.0,2258.0
NUSA TENGGARA BARAT,Lombok Utara,lombokutara,13.02,6.4,23.96,4.81,1.85,322.0,5982.72,261557.0,20173.0,22.873484555947652,7.712659190922055,49.485914808739736,0.20075125208681133,6.619999999999999,-1.0199999999999996,0.0,3.129978360046707,5.7745515455444085,25080.0,24950.0,23278.0,20173.0,20644.0,21059.0,21437.0,21583.0,18699.0,16462.0,14730.0,11585.0,8599.0,5751.0,3733.0,3794.0
NUSA TENGGARA BARAT,Kota Mataram,kotamataram,15.68,9.58,8.0,2.15,4.85,7365.0,24200.34,445010.0,35184.0,54.381564459225636,7.906339183389137,48.1376683987843,0.26875,6.1,-3.6799999999999997,0.0,3.996025207808997,8.90449432889673,37707.0,40431.0,39830.0,35184.0,35002.0,35524.0,33237.0,33303.0,31776.0,29809.0,26762.0,21992.0,17814.0,11495.0,8349.0,6795.0
NUSA TENGGARA BARAT,Kota Bima,kotabima,15.08,10.96,8.12,1.44,3.27,787.0,5313.65,163604.0,13133.0,32.478729126427226,8.027309845725043,50.86635375266268,0.17733990147783252,4.119999999999999,-3.08,0.0,3.4805853866470264,6.668228248417403,15212.0,15574.0,14447.0,13133.0,12167.0,12897.0,12752.0,12467.0,11563.0,10427.0,9274.0,7604.0,6159.0,4240.0,3044.0,2644.0
NUSA TENGGARA TIMUR,Sumba Barat,sumbabarat,13.4,7.17,26.52,5.25,3.21,205.0,3007.18,155013.0,14420.0,19.399534232612748,9.302445601336661,59.193419187873566,0.19796380090497737,6.23,-1.4000000000000004,0.0,2.965249057152862,5.3230099791384085,18650.0,16251.0,14640.0,14420.0,13827.0,13764.0,12129.0,10585.0,8771.0,8042.0,6531.0,5263.0,4042.0,3287.0,2267.0,2544.0
NUSA TENGGARA TIMUR,Sumba Timur,sumbatimur,12.87,7.77,27.04,6.44,3.46,37.0,7807.37,259261.0,21599.0,30.113939234979423,8.330986920516391,61.084704902856224,0.2381656804733728,5.1,-0.8699999999999992,0.0,3.404988162065895,3.6109179126442243,27109.0,29942.0,25487.0,21599.0,19299.0,21745.0,20122.0,17624.0,15962.0,14311.0,12230.0,9927.0,8128.0,6416.0,4807.0,4553.0
NUSA TENGGARA TIMUR,Kupang,kupang,13.9,7.62,21.37,4.64,3.36,74.0,10075.06,380212.0,31524.0,26.49853239771496,8.29116387699494,47.14656139943496,0.21712681328965838,6.28,-1.9000000000000004,0.0,3.277089350240277,4.30406509320417,38933.0,26219.0,31370.0,31524.0,34975.0,32182.0,32353.0,29805.0,25894.0,21750.0,18991.0,16266.0,14650.0,10959.0,7194.0,7147.0
NUSA TENGGARA TIMUR,Timor Tengah Selatan,timortengahselatan,12.62,7.21,24.68,4.51,2.63,122.0,10212.51,481281.0,46879.0,21.21943313781346,9.740463471443919,54.6930444844433,0.18273905996758508,5.409999999999999,-0.6199999999999992,0.0,3.0549174192481305,4.804021044733257,47152.0,40089.0,46051.0,46879.0,40394.0,38076.0,35379.0,29786.0,29132.0,26426.0,24323.0,21760.0,18965.0,14874.0,10202.0,11793.0
NUSA TENGGARA TIMUR,Timor Tengah Utara,timortengahutara,13.36,8.17,20.89,3.9,1.82,105.0,5161.12,275439.0,23929.0,18.737796753546156,8.687585999077836,57.06880624080474,0.18669219722355193,5.1899999999999995,-1.3599999999999994,0.0,2.9305427007173765,4.653960350157523,26306.0,28178.0,25884.0,23929.0,24127.0,21866.0,20902.0,17486.0,16931.0,14573.0,13215.0,12321.0,10012.0,7757.0,5367.0,6585.0
NUSA TENGGARA TIMUR,Belu,belu,12.32,7.5,13.86,2.26,5.41,209.0,5932.72,235709.0,20313.0,25.1696795625114,8.617829611936752,52.35931379519864,0.16305916305916304,4.82,-0.3200000000000003,0.0,3.2256400781369603,5.342334251964811,25186.0,21139.0,20434.0,20313.0,20944.0,21449.0,21744.0,18030.0,14024.0,11419.0,10184.0,9138.0,7461.0,6096.0,3980.0,4168.0
NUSA TENGGARA TIMUR,Alor,alor,12.48,8.61,19.87,2.25,2.27,77.0,3988.08,225020.0,18868.0,17.723224602257577,8.38503244156075,59.473288826522655,0.1132360342224459,3.870000000000001,-0.4800000000000004,0.0,2.874875903918142,4.343805421853684,23542.0,24282.0,22142.0,18868.0,17300.0,18665.0,17901.0,15905.0,13394.0,11989.0,10796.0,8959.0,7325.0,6041.0,3792.0,4119.0
NUSA TENGGARA TIMUR,Lembata,lembata,12.47,8.27,24.22,4.35,2.18,113.0,2289.97,143345.0,11816.0,15.97523457393003,8.243049984303603,65.48718540752712,0.1796036333608588,4.200000000000001,-0.47000000000000064,0.0,2.7710396839698785,4.727387818712341,14314.0,15982.0,14389.0,11816.0,10181.0,10693.0,9413.0,8911.0,8802.0,8284.0,7203.0,6191.0,5126.0,4444.0,3529.0,4067.0
NUSA TENGGARA TIMUR,Flores Timur,florestimur,12.96,8.06,11.25,1.38,3.58,167.0,6449.47,292523.0,22456.0,22.047736417307355,7.676661322357559,54.85600847008999,0.12266666666666666,4.9,-0.9600000000000009,0.0,3.093209939811826,5.117993812416755,27514.0,27148.0,24865.0,22456.0,24415.0,25035.0,22858.0,19090.0,17509.0,16821.0,15829.0,13614.0,11273.0,9046.0,7055.0,7995.0
NUSA TENGGARA TIMUR,Sikka,sikka,13.67,6.99,11.89,1.57,2.33,204.0,6763.28,340327.0,26911.0,19.872886958719114,7.907394946624864,57.79548953059218,0.13204373423044574,6.68,-1.67,0.0,2.989356338345957,5.318119993844216,31050.0,36695.0,29934.0,26911.0,26959.0,28318.0,24892.0,22476.0,20780.0,19867.0,17425.0,14706.0,13342.0,10666.0,8194.0,8112.0
NUSA TENGGARA TIMUR,Ende,ende,13.83,8.29,22.57,4.44,2.05,135.0,7895.66,281371.0,23103.0,28.061385146301504,8.210867502336773,47.48531022806494,0.19672131147540986,5.540000000000001,-1.83,0.0,3.3343944371873095,4.90527477843843,21905.0,22503.0,25125.0,23103.0,23536.0,24261.0,22157.0,20294.0,19015.0,17608.0,15760.0,13689.0,11356.0,8665.0,6055.0,6339.0
NUSA TENGGARA TIMUR,Ngada,ngada,12.75,8.83,11.87,2.14,2.68,100.0,4472.09,174088.0,14535.0,25.68867469325858,8.34922567896696,52.26799615149129,0.1802864363942713,3.92,-0.75,0.0,3.2460502213620477,4.605170185988092,15918.0,14816.0,15627.0,14535.0,15769.0,15037.0,12679.0,11191.0,11466.0,10862.0,9098.0,7493.0,6200.0,4865.0,3607.0,4925.0
NUSA TENGGARA TIMUR,Manggarai,manggarai,13.73,7.91,19.01,2.88,1.17,249.0,5923.14,334464.0,30318.0,17.709349885189436,9.06465269804822,55.196510602756256,0.15149921094160967,5.82,-1.7300000000000004,0.0,2.874092742210137,5.517452896464707,34697.0,34441.0,32656.0,30318.0,30789.0,30327.0,24158.0,21373.0,19003.0,17920.0,16375.0,14331.0,10916.0,7514.0,5010.0,4636.0
NUSA TENGGARA TIMUR,Rote Ndao,rotendao,13.23,7.83,25.78,5.23,2.42,119.0,3915.98,152950.0,12842.0,25.603007518796993,8.396207911082053,63.65990412600582,0.20287044220325834,5.4,-1.2300000000000004,0.0,3.242709825788148,4.77912349311153,16689.0,16755.0,15382.0,12842.0,11854.0,11084.0,11794.0,11411.0,10009.0,8284.0,6198.0,5317.0,4663.0,3708.0,3194.0,3766.0
NUSA TENGGARA TIMUR,Manggarai Barat,manggaraibarat,12.54,8.21,16.74,3.55,3.47,88.0,4603.61,276284.0,25550.0,16.66260080207323,9.247730596053337,56.57653879503324,0.21206690561529273,4.329999999999998,-0.5399999999999991,0.0,2.813166735123331,4.477336814478207,29941.0,30867.0,26279.0,25550.0,24363.0,25310.0,20878.0,18084.0,16141.0,14315.0,12965.0,11069.0,7778.0,5470.0,3616.0,3658.0
NUSA TENGGARA TIMUR,Sumba Tengah,sumbatengah,13.14,7.23,30.84,7.59,1.89,52.0,1527.18,92354.0,8529.0,16.536154362561447,9.235117049613443,64.0157704056262,0.2461089494163424,5.91,-1.1400000000000006,0.0,2.8055491572755105,3.9512437185814275,11511.0,10334.0,9171.0,8529.0,7677.0,7687.0,6810.0,6201.0,5250.0,4689.0,3931.0,3076.0,2458.0,1907.0,1421.0,1702.0
NUSA TENGGARA TIMUR,Sumba Barat Daya,sumbabaratdaya,13.11,6.39,27.2,3.84,2.64,238.0,4895.26,328771.0,33335.0,14.88957359377804,10.139276274367266,67.81393876905173,0.1411764705882353,6.72,-1.1099999999999994,0.0,2.7006612091991014,5.472270673671475,39267.0,40562.0,41043.0,33335.0,27262.0,27519.0,22254.0,20552.0,17481.0,16144.0,13533.0,10256.0,7578.0,5326.0,3555.0,3104.0
NUSA TENGGARA TIMUR,Nagekeo,nagekeo,12.69,8.23,12.3,1.56,2.17,121.0,2868.44,168355.0,13452.0,17.038044608119748,7.990258679575896,52.455423846996716,0.12682926829268293,4.459999999999999,-0.6899999999999995,0.0,2.8354487617719197,4.795790545596741,14952.0,15130.0,14753.0,13452.0,13970.0,14271.0,13025.0,11312.0,11394.0,10500.0,9024.0,7535.0,5946.0,4995.0,3736.0,4360.0
NUSA TENGGARA TIMUR,Manggarai Timur,manggaraitimur,12.66,7.96,24.9,5.14,0.51,124.0,4255.1,296174.0,26947.0,14.366892434852485,9.098367851330638,53.07336486032509,0.20642570281124498,4.7,-0.6600000000000001,0.0,2.6649264230410283,4.820281565605037,29108.0,31222.0,27996.0,26947.0,25491.0,26071.0,21232.0,19242.0,18471.0,17452.0,15352.0,13293.0,9934.0,6517.0,3997.0,3849.0
NUSA TENGGARA TIMUR,Sabu Raijua,saburaijua,13.19,6.99,28.13,5.52,3.99,206.0,1772.41,94787.0,8249.0,18.69887220821421,8.702670197389937,67.34402033826488,0.19623178101670813,6.199999999999999,-1.1899999999999995,0.0,2.928463212320671,5.327876168789581,10777.0,11026.0,9954.0,8249.0,7345.0,7742.0,7496.0,6403.0,5280.0,4583.0,3898.0,3114.0,2532.0,2186.0,1836.0,2366.0
NUSA TENGGARA TIMUR,Malaka,malaka,12.83,7.14,13.92,1.99,1.58,174.0,3769.89,193510.0,18382.0,19.48162885638985,9.499250684719136,53.78807747021752,0.14295977011494254,5.69,-0.8300000000000001,0.0,2.96947191157649,5.159055299214529,18799.0,16245.0,17107.0,18382.0,17103.0,17406.0,15332.0,11783.0,10827.0,10012.0,9273.0,8541.0,7170.0,5797.0,4356.0,5377.0
NUSA TENGGARA TIMUR,Kota Kupang,kotakupang,16.54,11.64,8.24,1.4,8.6,2980.0,30863.63,474801.0,30882.0,65.00329611774195,6.504198601098145,44.02748286112965,0.1699029126213592,4.899999999999999,-4.539999999999999,0.0,4.1744379781136765,7.9996785794994505,51279.0,39700.0,33684.0,30882.0,37541.0,43603.0,49227.0,44715.0,38043.0,30192.0,23263.0,18392.0,13802.0,9477.0,5756.0,5245.0
KALIMANTAN BARAT,Sambas,sambas,12.76,6.76,6.53,0.85,4.99,110.0,28563.06,654912.0,55916.0,43.61358472588684,8.537940975276067,48.17415857444093,0.13016845329249616,6.0,-0.7599999999999998,0.0,3.7753686781069873,4.700480365792417,56904.0,55775.0,56184.0,55916.0,52604.0,49409.0,47559.0,48948.0,49270.0,45060.0,39096.0,29980.0,24146.0,19219.0,13367.0,11475.0
KALIMANTAN BARAT,Bengkayang,bengkayang,12.22,7.41,6.0,0.64,2.81,55.0,12237.93,303422.0,26310.0,40.33303451957999,8.671091746808075,45.18771592355469,0.10666666666666667,4.8100000000000005,-0.22000000000000064,0.0,3.6971708482957326,4.007333185232471,26783.0,25408.0,25670.0,26310.0,26571.0,26384.0,25696.0,25096.0,21476.0,19293.0,15880.0,12446.0,9834.0,7390.0,4851.0,4334.0
KALIMANTAN BARAT,Landak,landak,12.54,7.46,8.98,1.48,2.22,50.0,14967.02,419092.0,34721.0,35.712969944546785,8.284815744514331,45.56303857789386,0.16481069042316257,5.079999999999999,-0.5399999999999991,0.0,3.5755139265755767,3.912023005428146,37532.0,35876.0,35075.0,34721.0,36414.0,37219.0,35852.0,34392.0,29238.0,26040.0,21965.0,17860.0,14210.0,10648.0,6373.0,5677.0
KALIMANTAN BARAT,Mempawah,mempawah,12.9,7.21,4.83,0.49,6.78,164.0,12512.59,316728.0,25439.0,39.505790457427196,8.03181278573413,45.73463640881232,0.10144927536231883,5.69,-0.9000000000000004,0.0,3.676447255022163,5.099866427824199,27728.0,25696.0,24590.0,25439.0,27458.0,28014.0,25516.0,23964.0,22535.0,20506.0,17624.0,14340.0,11936.0,9009.0,6272.0,6101.0
KALIMANTAN BARAT,Sanggau,sanggau,11.88,7.47,4.67,0.45,3.71,41.0,26523.74,510412.0,40187.0,51.965353479150174,7.873443414339788,42.99978707428866,0.09635974304068523,4.410000000000001,0.11999999999999922,40187.0,3.950577217271655,3.713572066704308,44108.0,39947.0,39868.0,40187.0,42092.0,43196.0,40580.0,40753.0,38163.0,36118.0,30595.0,24827.0,20421.0,14384.0,8755.0,6418.0
KALIMANTAN BARAT,Ketapang,ketapang,11.97,7.68,8.5,1.49,6.36,20.0,39117.19,599890.0,50872.0,65.20727133307773,8.480221373918551,40.832472532632174,0.17529411764705882,4.290000000000001,0.02999999999999936,50872.0,4.177570986227785,2.995732273553991,51826.0,45582.0,46465.0,50872.0,53479.0,50840.0,52280.0,48736.0,45290.0,40509.0,34712.0,28608.0,20634.0,13979.0,8577.0,7501.0
KALIMANTAN BARAT,Sintang,sintang,12.32,7.65,8.03,0.94,2.85,20.0,20484.66,443684.0,37773.0,46.169480981960135,8.513491584100395,45.80911035817687,0.11706102117061021,4.67,-0.3200000000000003,0.0,3.832318994999358,2.995732273553991,39647.0,37586.0,37703.0,37773.0,35868.0,36467.0,37052.0,35958.0,32531.0,29908.0,24306.0,19485.0,14943.0,10845.0,7245.0,6367.0
KALIMANTAN BARAT,Kapuas Hulu,kapuashulu,12.23,8.03,7.4,0.78,2.18,8.0,14341.78,265772.0,22838.0,53.962719925349546,8.593079782670861,44.00771589886971,0.1054054054054054,4.200000000000001,-0.23000000000000043,0.0,3.988293436395173,2.0794415416798357,22786.0,22081.0,21651.0,22838.0,21815.0,20797.0,20782.0,20558.0,19851.0,18475.0,16280.0,13148.0,10010.0,6984.0,4265.0,3451.0
KALIMANTAN BARAT,Sekadau,sekadau,11.93,7.23,5.66,0.55,2.24,37.0,9431.98,222510.0,18024.0,42.389016223989934,8.100310098422543,44.500149364227916,0.0971731448763251,4.699999999999999,0.07000000000000028,18024.0,3.746889277357331,3.6109179126442243,19208.0,18247.0,18245.0,18024.0,18294.0,18384.0,18842.0,18539.0,16279.0,14592.0,12506.0,10340.0,8186.0,5846.0,3833.0,3145.0
KALIMANTAN BARAT,Melawi,melawi,11.37,7.66,10.62,1.72,2.41,24.0,7234.13,243250.0,20016.0,29.739486125385405,8.228571428571428,41.034932598927384,0.16195856873822975,3.709999999999999,0.6300000000000008,20016.0,3.392475661978403,3.1780538303479458,21826.0,17763.0,18119.0,20016.0,20556.0,20661.0,20878.0,21004.0,18956.0,16937.0,13559.0,11505.0,8403.0,6179.0,3669.0,3219.0
KALIMANTAN BARAT,Kayong Utara,kayongutara,12.2,6.54,8.84,1.63,3.02,33.0,5831.21,135087.0,12220.0,43.16632984669139,9.046022193105184,44.21740383691509,0.1843891402714932,5.659999999999999,-0.1999999999999993,0.0,3.7650607896616908,3.4965075614664802,12481.0,10875.0,10730.0,12220.0,11710.0,11569.0,11164.0,10797.0,10107.0,8610.0,7211.0,5719.0,4562.0,3337.0,2214.0,1781.0
KALIMANTAN BARAT,Kubu Raya,kuburaya,13.9,7.05,4.08,0.36,6.73,76.0,41725.56,649866.0,53825.0,64.2064056282372,8.282476695195625,45.26624970381928,0.08823529411764705,6.8500000000000005,-1.9000000000000004,0.0,4.162102981859374,4.330733340286331,58073.0,55165.0,54210.0,53825.0,53183.0,58198.0,54817.0,50576.0,45505.0,41452.0,36356.0,30305.0,23145.0,15451.0,10214.0,9391.0
KALIMANTAN BARAT,Kota Pontianak,kotapontianak,15.06,10.47,4.2,0.58,8.29,5760.0,51349.89,680852.0,54035.0,75.42004723493505,7.936379712477895,44.823610741823984,0.13809523809523808,4.59,-3.0600000000000005,0.0,4.323073118121914,8.658692753689937,55118.0,55431.0,54315.0,54035.0,54417.0,56231.0,53617.0,51502.0,50772.0,46350.0,41772.0,34209.0,27220.0,19526.0,13807.0,12530.0
KALIMANTAN BARAT,Kota Singkawang,kotasingkawang,12.95,8.22,4.53,0.47,7.92,454.0,14015.4,249998.0,20152.0,56.06204849638797,8.060864486915895,49.686852599183304,0.10375275938189844,4.729999999999999,-0.9499999999999993,0.0,4.02645908621045,6.118097198041348,23733.0,22314.0,20965.0,20152.0,19549.0,21150.0,21610.0,19517.0,17326.0,15205.0,13030.0,10568.0,8907.0,6782.0,4760.0,4430.0
KALIMANTAN TENGAH,Kotawaringin Barat,kotawaringinbarat,12.78,8.77,4.11,0.43,4.42,30.0,31198.44,282790.0,22151.0,110.32370310124121,7.833020969624102,43.95451120930138,0.10462287104622871,4.01,-0.7799999999999994,0.0,4.703418799829243,3.4011973816621555,24782.0,24480.0,22448.0,22151.0,21064.0,23104.0,22407.0,22112.0,22335.0,20957.0,17760.0,13967.0,10587.0,6781.0,4248.0,3607.0
KALIMANTAN TENGAH,Kotawaringin Timur,kotawaringintimur,12.89,8.18,5.66,0.96,4.63,29.0,37982.25,448184.0,38740.0,84.747001231637,8.643771308212699,40.624833311892665,0.16961130742049468,4.710000000000001,-0.8900000000000006,0.0,4.4396703619370435,3.367295829986474,37676.0,33815.0,35758.0,38740.0,38674.0,38129.0,37766.0,36911.0,34534.0,31700.0,26225.0,20608.0,15422.0,10230.0,6296.0,5700.0
KALIMANTAN TENGAH,Kapuas,kapuas,13.01,7.93,5.25,0.6,3.61,25.0,25171.02,430184.0,35692.0,58.51221802763469,8.29691480854704,41.11750059867275,0.11428571428571428,5.08,-1.0099999999999998,0.0,4.069235587603848,3.2188758248682006,38202.0,28697.0,32311.0,35692.0,38180.0,37872.0,35906.0,34253.0,31040.0,28946.0,25541.0,21281.0,16130.0,11422.0,7196.0,7515.0
KALIMANTAN TENGAH,Barito Selatan,baritoselatan,13.0,9.22,4.83,0.21,4.12,22.0,8863.62,135909.0,11197.0,65.2173145266318,8.238600828495537,42.13151785154044,0.043478260869565216,3.7799999999999994,-1.0,0.0,4.177724993902146,3.091042453358316,11438.0,10309.0,9902.0,11197.0,11812.0,11065.0,10205.0,10275.0,10092.0,9776.0,8653.0,7021.0,5526.0,3952.0,2420.0,2266.0
KALIMANTAN TENGAH,Barito Utara,baritoutara,12.55,8.92,5.67,0.89,4.71,16.0,14041.9,162622.0,13237.0,86.34686573772306,8.139735091193073,40.90562506498458,0.15696649029982362,3.630000000000001,-0.5500000000000007,0.0,4.45837250674485,2.772588722239781,14369.0,12150.0,11977.0,13237.0,14973.0,14779.0,13670.0,12837.0,11995.0,10833.0,9436.0,7714.0,5938.0,3941.0,2479.0,2294.0
KALIMANTAN TENGAH,Sukamara,sukamara,12.17,8.18,4.14,0.27,4.95,21.0,6495.65,67806.0,5448.0,95.79756953661918,8.034687195823379,40.32117875915732,0.06521739130434784,3.99,-0.16999999999999993,0.0,4.562237314473558,3.044522437723423,5988.0,5501.0,5221.0,5448.0,5791.0,5936.0,5861.0,6006.0,5609.0,4786.0,3902.0,2920.0,2063.0,1301.0,774.0,699.0
KALIMANTAN TENGAH,Lamandau,lamandau,12.53,8.82,3.25,0.61,3.17,14.0,8262.63,103676.0,7303.0,79.69665110536671,7.044060341834175,41.570057214643676,0.18769230769230769,3.709999999999999,-0.5299999999999994,0.0,4.378227566160116,2.6390573296152584,8911.0,8649.0,7810.0,7303.0,7782.0,9254.0,9572.0,9414.0,8767.0,7564.0,5797.0,4486.0,3294.0,2207.0,1452.0,1414.0
KALIMANTAN TENGAH,Seruyan,seruyan,12.04,8.01,7.08,0.92,3.47,11.0,12586.14,174314.0,14619.0,72.20383904907236,8.386589717406519,40.75515576298832,0.12994350282485875,4.029999999999999,-0.03999999999999915,0.0,4.279493216910002,2.3978952727983707,14905.0,14522.0,14398.0,14619.0,14362.0,14339.0,15068.0,15783.0,14518.0,12820.0,10212.0,7150.0,4971.0,3144.0,1826.0,1677.0
KALIMANTAN TENGAH,Katingan,katingan,12.99,8.95,5.26,0.6,4.88,8.0,11671.21,171856.0,15577.0,67.91272926170748,9.063983800391025,45.60612735960958,0.11406844106463879,4.040000000000001,-0.9900000000000002,0.0,4.218223487711553,2.0794415416798357,15845.0,14519.0,15120.0,15577.0,14500.0,13407.0,13820.0,13523.0,12524.0,11516.0,9747.0,7678.0,5736.0,3634.0,2412.0,2298.0
KALIMANTAN TENGAH,Pulang Pisau,pulangpisau,12.52,8.42,4.56,0.83,1.99,14.0,7651.99,139508.0,11328.0,54.849829400464486,8.119964446483356,46.75629332744238,0.18201754385964913,4.1,-0.5199999999999996,0.0,4.00459907642405,2.6390573296152584,11660.0,11479.0,11363.0,11328.0,11135.0,11834.0,11157.0,10414.0,10034.0,9167.0,8027.0,6505.0,5460.0,4029.0,2896.0,3020.0
KALIMANTAN TENGAH,Gunung Mas,gunungmas,12.1,9.37,5.68,0.48,3.12,16.0,9761.74,145534.0,12402.0,67.075322605027,8.521720010444295,44.12589005417075,0.08450704225352113,2.7300000000000004,-0.09999999999999964,0.0,4.2058162059166255,2.772588722239781,13704.0,12198.0,12074.0,12402.0,13657.0,13049.0,13841.0,12363.0,10568.0,8721.0,7053.0,5357.0,3966.0,2779.0,1855.0,1947.0
KALIMANTAN TENGAH,Barito Timur,baritotimur,12.88,9.54,6.66,0.93,3.26,37.0,10875.52,118759.0,9657.0,91.57638578970857,8.131594237068349,40.7213868448805,0.13963963963963966,3.3400000000000016,-0.8800000000000008,0.0,4.5171734413891285,3.6109179126442243,10071.0,8183.0,8820.0,9657.0,10224.0,9986.0,9242.0,9195.0,9091.0,8617.0,7649.0,6136.0,4596.0,3217.0,2099.0,1976.0
KALIMANTAN TENGAH,Murung Raya,murungraya,12.05,7.94,6.58,1.04,2.9,5.0,11834.1,118443.0,11343.0,99.91388262708645,9.576758440768977,44.49554715139685,0.1580547112462006,4.11,-0.05000000000000071,0.0,4.604308641235835,1.6094379124341003,11578.0,9569.0,10447.0,11343.0,11445.0,10581.0,9428.0,9461.0,8575.0,7419.0,5928.0,4425.0,3365.0,2282.0,1313.0,1284.0
KALIMANTAN TENGAH,Kota Palangka Raya,kotapalangkaraya,15.13,11.66,3.52,0.42,5.02,109.0,26240.03,310113.0,25074.0,84.61441474559274,8.08543982354819,43.41546657787397,0.11931818181818181,3.4700000000000006,-3.130000000000001,0.0,4.438104639161694,4.6913478822291435,27598.0,24896.0,24179.0,25074.0,24935.0,28247.0,26996.0,24712.0,22105.0,20729.0,17807.0,14195.0,11434.0,7700.0,5101.0,4405.0
KALIMANTAN SELATAN,Tanah Laut,tanahlaut,12.43,7.94,3.74,0.76,3.43,95.0,21254.1,364982.0,28371.0,58.23328273723088,7.773260051180605,46.946186860349954,0.2032085561497326,4.489999999999999,-0.4299999999999997,0.0,4.064457059620308,4.553876891600541,30045.0,32633.0,32664.0,28371.0,27753.0,28194.0,28372.0,28582.0,28074.0,25727.0,21706.0,17683.0,13916.0,9778.0,6412.0,5072.0
KALIMANTAN SELATAN,Kotabaru,kotabaru,12.08,7.56,4.45,0.45,6.05,36.0,37119.76,343684.0,30562.0,108.0054934183727,8.89247099079387,46.10986170570055,0.10112359550561797,4.5200000000000005,-0.08000000000000007,0.0,4.682182090815573,3.58351893845611,31424.0,28824.0,32144.0,30562.0,29608.0,27246.0,25470.0,25802.0,25705.0,23591.0,20180.0,15827.0,11232.0,7478.0,4757.0,3834.0
KALIMANTAN SELATAN,Banjar,banjar,13.04,7.95,2.36,0.33,2.71,131.0,24042.01,600639.0,44878.0,40.027387498980254,7.471709296266144,45.90232029382616,0.1398305084745763,5.089999999999999,-1.0399999999999991,0.0,3.689563907296912,4.875197323201151,50403.0,52060.0,52118.0,44878.0,45967.0,47348.0,48762.0,47358.0,45443.0,42411.0,36312.0,29987.0,23206.0,16402.0,9916.0,8068.0
KALIMANTAN SELATAN,Barito Kuala,baritokuala,12.56,7.92,4.36,0.69,3.41,136.0,11349.61,330990.0,25897.0,34.28988791202151,7.824103447234056,45.86197778952935,0.15825688073394492,4.640000000000001,-0.5600000000000005,0.0,3.5348504976453836,4.912654885736052,27485.0,28085.0,29148.0,25897.0,25734.0,24901.0,25405.0,25148.0,25014.0,23947.0,20551.0,17364.0,12959.0,9102.0,5756.0,4494.0
KALIMANTAN SELATAN,Tapin,tapin,12.34,8.15,3.33,0.23,3.86,92.0,14402.15,198870.0,14673.0,72.419922562478,7.378186755166692,47.13454965152928,0.06906906906906907,4.1899999999999995,-0.33999999999999986,0.0,4.282481435053272,4.5217885770490405,16100.0,17629.0,18048.0,14673.0,14101.0,15667.0,15820.0,15713.0,14771.0,13735.0,12336.0,10325.0,8021.0,5715.0,3481.0,2735.0
KALIMANTAN SELATAN,Hulu Sungai Selatan,hulusungaiselatan,12.48,8.09,3.38,0.34,2.11,141.0,9897.43,238778.0,18499.0,41.45034299642346,7.747363659968674,46.67944394277255,0.10059171597633138,4.390000000000001,-0.4800000000000004,0.0,3.724496156490938,4.948759890378168,19856.0,19515.0,20365.0,18499.0,18896.0,18921.0,18052.0,17530.0,16244.0,16022.0,15130.0,13089.0,10406.0,7471.0,4663.0,4119.0
KALIMANTAN SELATAN,Hulu Sungai Tengah,hulusungaitengah,12.31,8.35,5.81,0.75,3.2,183.0,9365.85,268754.0,20598.0,34.84915573349606,7.664258020345743,46.632548394840796,0.12908777969018934,3.960000000000001,-0.3100000000000005,0.0,3.5510289111884386,5.209486152841421,21975.0,21851.0,22540.0,20598.0,22135.0,21111.0,19855.0,18853.0,17231.0,17929.0,17112.0,15637.0,12823.0,9051.0,5279.0,4774.0
KALIMANTAN SELATAN,Hulu Sungai Utara,hulusungaiutara,13.21,7.78,5.75,0.54,3.73,252.0,6617.77,237111.0,18667.0,27.91000839269372,7.872684101538942,48.614210143655825,0.09391304347826088,5.430000000000001,-1.2100000000000009,0.0,3.3289853482538008,5.529429087511423,21053.0,20611.0,20781.0,18667.0,19299.0,18578.0,18546.0,18085.0,16094.0,15240.0,13784.0,11683.0,9572.0,7046.0,4659.0,3413.0
KALIMANTAN SELATAN,Tabalong,tabalong,12.92,9.15,5.64,0.95,3.44,77.0,32643.48,266885.0,20042.0,122.31290630796036,7.509601513760608,47.35990635577077,0.16843971631205673,3.7699999999999996,-0.9199999999999999,0.0,4.806582567034971,4.343805421853684,23538.0,24161.0,23914.0,20042.0,20115.0,21784.0,22047.0,21803.0,18966.0,17969.0,15630.0,12653.0,10102.0,6911.0,4306.0,2944.0
KALIMANTAN SELATAN,Tanah Bumbu,tanahbumbu,12.61,8.43,3.41,0.54,6.37,70.0,35709.24,342363.0,26811.0,104.30227565478746,7.831161661744989,52.39907589172442,0.15835777126099707,4.18,-0.6099999999999994,0.0,4.64729318012717,4.248495242049359,31818.0,35376.0,34613.0,26811.0,23024.0,26671.0,27922.0,27192.0,26157.0,23180.0,18705.0,14322.0,10665.0,7287.0,4958.0,3662.0
KALIMANTAN SELATAN,Balangan,balangan,13.09,8.13,4.87,0.85,2.69,76.0,21764.18,138116.0,10890.0,157.57899157230153,7.884676648614208,47.742929271319156,0.17453798767967144,4.959999999999999,-1.0899999999999999,0.0,5.059926866332042,4.330733340286331,12337.0,12588.0,12811.0,10890.0,11090.0,11510.0,11338.0,11104.0,9430.0,8699.0,7535.0,6717.0,5171.0,3557.0,1887.0,1452.0
KALIMANTAN SELATAN,Kota Banjarmasin,kotabanjarmasin,14.01,10.35,4.58,0.49,6.56,6798.0,45666.21,668762.0,52269.0,68.28469619984389,7.815784987783397,46.67152090429184,0.10698689956331878,3.66,-2.01,0.0,4.223685674117692,8.824383730256061,52600.0,56003.0,58198.0,52269.0,52833.0,51518.0,48231.0,48117.0,48178.0,47026.0,42451.0,36091.0,29245.0,20899.0,14229.0,10874.0
KALIMANTAN SELATAN,Kota Banjar Baru,kotabanjarbaru,14.86,11.0,3.79,0.45,4.93,896.0,14517.74,273466.0,19681.0,53.08791586522639,7.196872737378687,46.248669693615064,0.11873350923482849,3.8599999999999994,-2.8599999999999994,0.0,3.971949329189614,6.79794041297493,23947.0,24937.0,23989.0,19681.0,20472.0,22837.0,21770.0,21266.0,20720.0,19836.0,16925.0,13274.0,10206.0,6708.0,4183.0,2715.0
KALIMANTAN TIMUR,Paser,paser,13.38,8.92,8.63,0.86,4.53,27.0,55438.24,286991.0,23103.0,193.17065691955497,8.05007822544958,42.66944391970491,0.09965237543453069,4.460000000000001,-1.3800000000000008,0.0,5.263574030945219,3.295836866004329,24677.0,23706.0,22366.0,23103.0,23466.0,23759.0,23744.0,23844.0,21761.0,20127.0,17092.0,13652.0,10610.0,6947.0,4196.0,3941.0
KALIMANTAN TIMUR,Kutai Barat,kutaibarat,13.36,8.89,9.56,1.18,5.58,13.0,39689.61,178743.0,15084.0,222.0484718282674,8.438931874255214,40.48588405432596,0.12343096234309622,4.469999999999999,-1.3599999999999994,0.0,5.402895699608,2.5649493574615367,14512.0,12924.0,13983.0,15084.0,15828.0,15386.0,14388.0,14051.0,13895.0,12996.0,10949.0,8254.0,6401.0,4433.0,2786.0,2873.0
KALIMANTAN TIMUR,Kutai Kartanegara,kutaikartanegara,13.65,9.27,7.28,0.65,4.11,29.0,204698.39,789767.0,69650.0,259.18833022904226,8.819056759778517,42.730093669408255,0.08928571428571429,4.380000000000001,-1.6500000000000004,0.0,5.55755494120009,3.367295829986474,61951.0,66117.0,66276.0,69650.0,70258.0,67153.0,63010.0,60759.0,58142.0,53957.0,46370.0,36656.0,27374.0,18696.0,11554.0,11844.0
KALIMANTAN TIMUR,Kutai Timur,kutaitimur,13.02,9.47,8.81,1.14,5.76,15.0,159497.23,462993.0,39828.0,344.4916661806982,8.602289883432363,37.98033080017881,0.12939841089670825,3.549999999999999,-1.0199999999999996,0.0,5.842069899103625,2.70805020110221,38663.0,34186.0,37549.0,39828.0,41047.0,41215.0,43462.0,42643.0,36633.0,32248.0,26367.0,19302.0,12805.0,7996.0,4590.0,4459.0
KALIMANTAN TIMUR,Berau,berau,13.37,9.57,5.08,0.41,5.15,12.0,50816.51,261833.0,21237.0,194.079852425019,8.110895112533562,41.59258057538395,0.08070866141732283,3.799999999999999,-1.3699999999999992,0.0,5.268269684813232,2.4849066497880004,22798.0,21644.0,21326.0,21237.0,21243.0,22948.0,23247.0,22310.0,20171.0,18631.0,15472.0,11785.0,7876.0,5042.0,3131.0,2972.0
KALIMANTAN TIMUR,Penajam Paser Utara,penajampaserutara,12.87,8.57,6.69,0.72,2.05,84.0,23328.26,267686.0,20949.0,87.14785233445156,7.825960266879852,35.4864506463401,0.10762331838565022,4.299999999999999,-0.8699999999999992,0.0,4.4676061283399635,4.430816798843313,18601.0,21373.0,17941.0,20949.0,29067.0,31859.0,26761.0,21975.0,19135.0,16181.0,13192.0,10607.0,7848.0,5206.0,3431.0,3560.0
KALIMANTAN TIMUR,Mahakam Ulu,mahakamulu,12.78,8.5,10.75,1.64,2.51,2.0,3773.97,34246.0,2720.0,110.20177538982655,7.9425334345617005,42.47202229895578,0.1525581395348837,4.279999999999999,-0.7799999999999994,0.0,4.702313007204525,0.6931471805599453,2988.0,2428.0,2532.0,2720.0,3068.0,3479.0,3070.0,2533.0,2407.0,2169.0,1812.0,1495.0,1284.0,905.0,609.0,747.0
KALIMANTAN TIMUR,Kota Balikpapan,kotabalikpapan,14.25,10.99,2.23,0.13,6.22,1407.0,153567.1,717231.0,56798.0,214.1110743958362,7.919066521106869,43.28028143409931,0.05829596412556054,3.26,-2.25,0.0,5.36649491960046,7.249215057114389,59461.0,57102.0,54615.0,56798.0,56424.0,58970.0,58666.0,57351.0,54699.0,50890.0,43080.0,35079.0,28622.0,20475.0,13694.0,11305.0
KALIMANTAN TIMUR,Kota Samarinda,kotasamarinda,15.4,10.95,4.3,0.54,5.75,1197.0,98415.97,858079.0,71667.0,114.69336739391129,8.352028193208318,40.7760013780997,0.12558139534883722,4.450000000000001,-3.4000000000000004,0.0,4.742262196778188,7.087573705557973,66908.0,63624.0,67239.0,71667.0,72877.0,70480.0,67731.0,67127.0,64985.0,60679.0,53947.0,45075.0,34967.0,23113.0,14329.0,13331.0
KALIMANTAN TIMUR,Kota Bontang,kotabontang,13.73,10.97,3.74,0.31,7.06,1171.0,68418.31,188289.0,15355.0,363.3685982718056,8.155017021705994,42.384301270417424,0.08288770053475936,2.76,-1.7300000000000004,0.0,5.895417741308799,7.065613363597717,17227.0,16040.0,14575.0,15355.0,16619.0,17273.0,17100.0,15173.0,12869.0,11656.0,10063.0,9119.0,7013.0,4241.0,2323.0,1643.0
KALIMANTAN UTARA,Malinau,malinau,13.35,9.63,6.94,0.57,3.1,2.0,18088.22,86523.0,7797.0,209.05678258960046,9.011476717173467,41.97597715860983,0.08213256484149854,3.719999999999999,-1.3499999999999996,0.0,5.342605902096154,0.6931471805599453,7474.0,7030.0,6875.0,7797.0,7923.0,7675.0,7615.0,7235.0,6363.0,5715.0,4632.0,3396.0,2591.0,1696.0,1204.0,1302.0
KALIMANTAN UTARA,Bulungan,bulungan,13.25,9.23,8.76,1.4,4.33,12.0,25768.88,160241.0,13806.0,160.81327500452443,8.615772492682897,41.398266946684785,0.1598173515981735,4.02,-1.25,0.0,5.080243909335594,2.4849066497880004,13640.0,12248.0,12269.0,13806.0,14099.0,13730.0,13366.0,13064.0,12042.0,10852.0,9324.0,7298.0,5745.0,3862.0,2501.0,2395.0
KALIMANTAN UTARA,Tana Tidung,tanatidung,12.61,9.24,4.47,0.48,3.67,6.0,9438.85,28161.0,2273.0,335.1745321543979,8.071446326479883,46.3137112277238,0.10738255033557047,3.369999999999999,-0.6099999999999994,0.0,5.814651387661777,1.791759469228055,2966.0,2522.0,2324.0,2273.0,2225.0,2183.0,2336.0,2502.0,2254.0,1961.0,1564.0,1163.0,786.0,499.0,291.0,312.0
KALIMANTAN UTARA,Nunukan,nunukan,12.69,8.39,5.73,0.82,2.71,15.0,40500.19,210937.0,18796.0,192.00135585506573,8.910717417996842,40.096037618054545,0.1431064572425829,4.299999999999999,-0.6899999999999995,0.0,5.257502433747981,2.70805020110221,18229.0,15556.0,16313.0,18796.0,18877.0,18872.0,17988.0,16901.0,15339.0,14284.0,12397.0,9885.0,7227.0,4675.0,2713.0,2885.0
KALIMANTAN UTARA,Kota Tarakan,kotatarakan,14.22,10.37,5.56,0.5,5.11,1011.0,56126.52,253916.0,22275.0,221.04365223144663,8.772586209612628,42.66065870349353,0.08992805755395684,3.8500000000000014,-2.2200000000000006,0.0,5.398360203422229,6.918695219020472,22759.0,20360.0,20181.0,22275.0,21668.0,21456.0,20858.0,20373.0,19540.0,17511.0,14399.0,11369.0,8537.0,5844.0,3779.0,3007.0
SULAWESI UTARA,Bolaang Mongondow,bolaangmongondow,11.65,8.38,7.74,0.79,4.48,79.0,11509.33,257266.0,21682.0,44.73708146432097,8.427852883785654,45.18151498563794,0.1020671834625323,3.2699999999999996,0.34999999999999964,21682.0,3.800802720682548,4.3694478524670215,19039.0,19871.0,21327.0,21682.0,20399.0,20560.0,19155.0,17119.0,18499.0,18278.0,16414.0,14143.0,10954.0,8153.0,5437.0,6236.0
SULAWESI UTARA,Minahasa,minahasa,14.19,10.23,6.53,1.38,7.22,313.0,24046.51,353539.0,23972.0,68.01656960052497,6.780581491716614,47.86116385475655,0.21133231240428788,3.959999999999999,-2.1899999999999995,0.0,4.219751346089204,5.746203190540153,24180.0,24051.0,24334.0,23972.0,26340.0,26651.0,24785.0,23652.0,23987.0,24647.0,23898.0,22054.0,19116.0,15651.0,11728.0,14493.0
SULAWESI UTARA,Kepulauan Sangihe,kepulauansangihe,12.61,8.65,10.84,0.92,2.5,239.0,6169.06,142846.0,9466.0,43.18678856950842,6.626716883916946,43.209752772040986,0.08487084870848709,3.959999999999999,-0.6099999999999994,0.0,3.7655346283272784,5.476463551931511,10103.0,8925.0,10020.0,9466.0,9750.0,11019.0,12063.0,11454.0,10316.0,9613.0,9232.0,8830.0,8003.0,5803.0,3947.0,4302.0
SULAWESI UTARA,Kepulauan Talaud,kepulauantalaud,12.67,9.96,8.17,1.33,3.06,97.0,3097.95,98297.0,7505.0,31.5162212478509,7.635024466667345,45.2335923879318,0.16279069767441862,2.709999999999999,-0.6699999999999999,0.0,3.4505023735342952,4.574710978503383,7311.0,6864.0,7492.0,7505.0,7237.0,7716.0,7624.0,7646.0,7156.0,7229.0,5757.0,5100.0,4712.0,3719.0,2489.0,2740.0
SULAWESI UTARA,Minahasa Selatan,minahasaselatan,13.02,9.43,8.97,0.79,4.79,166.0,12603.99,241261.0,18018.0,52.24213610985613,7.468260514546488,48.45734468839224,0.08807134894091416,3.59,-1.0199999999999996,0.0,3.9558893744433714,5.111987788356544,16819.0,17237.0,17977.0,18018.0,18861.0,18385.0,16561.0,15407.0,15615.0,16993.0,16095.0,14452.0,12125.0,10246.0,7574.0,8896.0
SULAWESI UTARA,Minahasa Utara,minahasautara,13.08,10.35,6.95,0.73,6.73,235.0,20381.67,233471.0,17711.0,87.29850816589641,7.58595285924162,45.357025009494514,0.10503597122302158,2.7300000000000004,-1.08,0.0,4.469333374107293,5.459585514144159,17130.0,17252.0,17954.0,17711.0,17813.0,18595.0,18226.0,17552.0,16424.0,16083.0,14428.0,13047.0,10740.0,8445.0,6049.0,6022.0
SULAWESI UTARA,Bolaang Mongondow Utara,bolaangmongondowutara,12.39,8.61,7.88,0.99,4.1,53.0,3544.12,87197.0,7474.0,40.644976317992594,8.571395804901545,47.2176262029377,0.12563451776649745,3.780000000000001,-0.39000000000000057,0.0,3.7048752445434907,3.970291913552122,7122.0,7462.0,7409.0,7474.0,7209.0,6951.0,6768.0,6055.0,6185.0,5597.0,5128.0,4303.0,3560.0,2514.0,1729.0,1731.0
SULAWESI UTARA,Siau Tagulandang Biaro,siautagulandangbiaro,12.04,9.43,8.32,1.06,1.94,340.0,3390.53,73922.0,4885.0,45.86631855198723,6.608316874543438,44.24367780206057,0.12740384615384615,2.6099999999999994,-0.03999999999999915,0.0,3.825731047092751,5.8289456176102075,5070.0,4696.0,5094.0,4885.0,5239.0,5567.0,5890.0,6027.0,5007.0,4773.0,4811.0,4749.0,4300.0,3160.0,2143.0,2511.0
SULAWESI UTARA,Minahasa Tenggara,minahasatenggara,12.6,9.14,11.72,1.53,2.76,160.0,7354.83,120438.0,9832.0,61.06735415732576,8.163536425380693,48.97027719024825,0.13054607508532423,3.459999999999999,-0.5999999999999996,0.0,4.11197742154336,5.075173815233827,9506.0,9969.0,9798.0,9832.0,9655.0,9548.0,8458.0,7697.0,7702.0,8170.0,7646.0,6814.0,5325.0,4036.0,2982.0,3300.0
SULAWESI UTARA,Bolaang Mongondow Selatan,bolaangmongondowselatan,12.34,8.28,11.33,1.34,2.51,41.0,2974.36,72900.0,6678.0,40.80054869684499,9.160493827160494,47.42760071185892,0.11827007943512799,4.0600000000000005,-0.33999999999999986,0.0,3.7086955297717696,3.713572066704308,6253.0,6465.0,6654.0,6678.0,6032.0,5895.0,5908.0,5300.0,5289.0,4824.0,3882.0,3146.0,2494.0,1792.0,1134.0,1154.0
SULAWESI UTARA,Bolaang Mongondow Timur,bolaangmongondowtimur,11.91,8.29,5.87,0.54,5.35,107.0,4170.2,92219.0,7274.0,45.22061614200978,7.887745475444323,42.895438205032846,0.0919931856899489,3.620000000000001,0.08999999999999986,7274.0,3.81155309218844,4.672828834461906,7097.0,6712.0,7325.0,7274.0,7090.0,7567.0,7547.0,6842.0,6780.0,6669.0,5777.0,5100.0,3890.0,2859.0,1821.0,1869.0
SULAWESI UTARA,Kota Manado,kotamanado,14.2,11.46,5.43,1.0,8.73,2836.0,53015.01,460427.0,32257.0,115.14313886891951,7.005888012649128,45.06435199042203,0.1841620626151013,2.7399999999999984,-2.1999999999999993,0.0,4.746176040200725,7.950149887652018,34569.0,34514.0,33812.0,32257.0,33830.0,36051.0,36765.0,36465.0,33365.0,30774.0,28670.0,26645.0,22573.0,16957.0,11335.0,11845.0
SULAWESI UTARA,Kota Bitung,kotabitung,12.67,9.96,6.27,1.11,7.51,713.0,24752.02,234966.0,18829.0,105.3429857936893,8.013499825506669,43.12010427960578,0.17703349282296654,2.709999999999999,-0.6699999999999999,0.0,4.657221558002224,6.569481420414296,18550.0,18080.0,19023.0,18829.0,18615.0,18739.0,18526.0,18375.0,17955.0,16856.0,14781.0,12178.0,9320.0,6807.0,4253.0,4079.0
SULAWESI UTARA,Kota Tomohon,kotatomohon,14.38,11.03,5.38,0.8,7.79,615.0,5879.93,103954.0,7203.0,56.56280662600766,6.9290263000942725,47.76687988628287,0.14869888475836432,3.3500000000000014,-2.380000000000001,0.0,4.035351642457742,6.421622267806518,7846.0,7628.0,7444.0,7203.0,7747.0,7721.0,7443.0,7413.0,6996.0,7202.0,7176.0,6248.0,5201.0,4082.0,3113.0,3491.0
SULAWESI UTARA,Kota Kotamobagu,kotakotamobagu,13.05,10.35,5.12,0.5,5.72,1185.0,5214.65,129074.0,9721.0,40.40046794861862,7.531338611959031,43.43149238804311,0.09765625,2.700000000000001,-1.0500000000000007,0.0,3.6988413677866228,7.077498053569231,10099.0,10057.0,9901.0,9721.0,9912.0,10406.0,10098.0,9773.0,10171.0,8841.0,7927.0,7411.0,5730.0,4083.0,2520.0,2424.0
SULAWESI TENGAH,Banggai Kepulauan,banggaikepulauan,13.11,8.7,12.32,1.26,1.55,52.0,5377.32,124576.0,11017.0,43.16497559722579,8.843597482661187,48.029849327439514,0.10227272727272727,4.41,-1.1099999999999994,0.0,3.765029416350266,3.9512437185814275,10341.0,11063.0,11302.0,11017.0,10679.0,9826.0,8881.0,8980.0,8918.0,8154.0,6991.0,5906.0,4804.0,3408.0,2289.0,2017.0
SULAWESI TENGAH,Banggai,banggai,13.35,8.81,6.56,0.86,3.11,46.0,40737.03,377603.0,31332.0,107.88322656334827,8.297603567768265,45.49549375984957,0.13109756097560976,4.539999999999999,-1.3499999999999996,0.0,4.681049406642848,3.828641396489095,31789.0,31495.0,29591.0,31332.0,31419.0,29947.0,28770.0,29049.0,28016.0,25584.0,22326.0,18185.0,14901.0,10736.0,7542.0,6921.0
SULAWESI TENGAH,Morowali,morowali,13.39,9.38,11.55,1.79,2.84,39.0,173858.99,173313.0,10584.0,1003.1503118635071,6.106870229007633,45.3992516652964,0.15497835497835497,4.01,-1.3900000000000006,0.0,6.910900639010383,3.6635616461296463,16115.0,17159.0,13395.0,10584.0,13020.0,21831.0,19880.0,15273.0,11473.0,9134.0,7377.0,6034.0,4592.0,3407.0,2147.0,1892.0
SULAWESI TENGAH,Poso,poso,13.75,9.54,14.23,1.97,1.77,34.0,12738.41,254060.0,20496.0,50.13937652523026,8.067385656931434,45.84385763490241,0.13843991567111735,4.210000000000001,-1.75,0.0,3.9148066579745406,3.5263605246161616,20256.0,20126.0,20402.0,20496.0,21029.0,19943.0,19260.0,18692.0,18667.0,17550.0,15221.0,12835.0,10507.0,8027.0,5468.0,5581.0
SULAWESI TENGAH,Donggala,donggala,12.62,8.0,15.3,3.0,2.79,61.0,16527.22,310998.0,29002.0,53.14252824777009,9.325461900076528,46.69232619677652,0.19607843137254902,4.619999999999999,-0.6199999999999992,0.0,3.972977516312635,4.110873864173311,25082.0,26372.0,29296.0,29002.0,26430.0,25198.0,23562.0,21923.0,20846.0,20207.0,18193.0,14915.0,11731.0,8089.0,5415.0,4737.0
SULAWESI TENGAH,Toli-Toli,tolitoli,13.17,8.91,12.45,1.73,3.11,63.0,11074.94,233898.0,18925.0,47.34944291956323,8.091133742058505,49.91155206891247,0.1389558232931727,4.26,-1.17,0.0,3.857555054400538,4.143134726391533,21053.0,23013.0,20087.0,18925.0,18751.0,18055.0,18395.0,16696.0,16346.0,15264.0,13668.0,11255.0,8669.0,6081.0,4078.0,3562.0
SULAWESI TENGAH,Buol,buol,13.18,9.2,13.08,2.2,3.13,41.0,7791.0,152355.0,13977.0,51.137146795313576,9.173968691542779,51.67851382832567,0.16819571865443425,3.9800000000000004,-1.1799999999999997,0.0,3.934511176271284,3.713572066704308,15075.0,15274.0,14293.0,13977.0,13545.0,12740.0,11245.0,10426.0,10105.0,8983.0,8045.0,6455.0,4925.0,3377.0,2241.0,1649.0
SULAWESI TENGAH,Parigi Moutong,parigimoutong,12.52,8.05,14.2,3.36,2.1,79.0,23475.94,459781.0,40676.0,51.05896067910592,8.846820551523443,42.892083737351136,0.23661971830985915,4.469999999999999,-0.5199999999999996,0.0,3.9329810567120482,4.3694478524670215,39289.0,33293.0,38515.0,40676.0,41253.0,38836.0,36368.0,33952.0,33162.0,31571.0,26979.0,22202.0,16769.0,12100.0,7905.0,6911.0
SULAWESI TENGAH,Tojo Una-Una,tojounauna,12.43,8.56,16.36,2.04,2.47,31.0,7354.21,170815.0,14932.0,43.053654538535845,8.741621052015338,49.85875210555867,0.12469437652811736,3.869999999999999,-0.4299999999999997,0.0,3.762447117829064,3.4339872044851463,15033.0,16369.0,15773.0,14932.0,14599.0,13617.0,12823.0,12704.0,11441.0,10833.0,9159.0,7705.0,6171.0,4342.0,2833.0,2481.0
SULAWESI TENGAH,Sigi,sigi,13.13,9.04,12.06,2.52,2.55,52.0,12562.35,269963.0,22897.0,46.53359904875853,8.481532654474872,46.76129537312378,0.208955223880597,4.090000000000002,-1.1300000000000008,0.0,3.840174611860733,3.9512437185814275,23215.0,23061.0,23124.0,22897.0,21622.0,21164.0,21066.0,20483.0,19499.0,18233.0,15924.0,12982.0,10077.0,7333.0,4843.0,4440.0
SULAWESI TENGAH,Banggai Laut,banggailaut,13.04,8.65,13.78,1.76,3.6,108.0,3223.42,74019.0,6664.0,43.548548345695025,9.003093800240478,51.80582046391435,0.1277213352685051,4.389999999999999,-1.0399999999999991,0.0,3.7738763696934705,4.68213122712422,6640.0,7693.0,7322.0,6664.0,6227.0,5664.0,5829.0,5811.0,5048.0,4480.0,3719.0,2954.0,2363.0,1798.0,1034.0,773.0
SULAWESI TENGAH,Morowali Utara,morowaliutara,12.44,9.13,11.95,1.89,2.38,15.0,30233.51,127865.0,10909.0,236.44867633832558,8.531654479333673,48.24583777767472,0.1581589958158996,3.3099999999999987,-0.4399999999999995,0.0,5.465731171012577,2.70805020110221,10779.0,11764.0,11483.0,10909.0,10157.0,10178.0,10313.0,10126.0,8954.0,8241.0,6945.0,5800.0,4629.0,3308.0,2187.0,2092.0
SULAWESI TENGAH,Kota Palu,kotapalu,16.52,11.75,5.94,0.65,5.63,1101.0,32918.74,392507.0,29445.0,83.86790554053812,7.501777038371291,46.340435844378575,0.10942760942760943,4.77,-4.52,0.0,4.429243007995074,7.00397413672268,35263.0,36340.0,32468.0,29445.0,30506.0,35189.0,34733.0,31566.0,27042.0,24697.0,21736.0,18825.0,14476.0,9823.0,5921.0,4477.0
SULAWESI SELATAN,Kepulauan Selayar,kepulauanselayar,12.84,8.49,10.79,1.62,2.05,123.0,8340.51,142701.0,12987.0,58.447453066201355,9.100847226018036,44.219632732675066,0.15013901760889714,4.35,-0.8399999999999999,0.0,4.068128112395562,4.812184355372417,11240.0,9684.0,10457.0,12987.0,13408.0,11242.0,10443.0,10666.0,10116.0,8951.0,8094.0,6955.0,6085.0,4877.0,3441.0,4055.0
SULAWESI SELATAN,Bulukumba,bulukumba,13.45,8.52,6.71,0.85,2.23,387.0,20224.35,454719.0,37115.0,44.4765888383815,8.162183678271635,42.768916797488224,0.12667660208643816,4.93,-1.4499999999999993,0.0,3.7949629572169266,5.958424693029782,36494.0,31051.0,32950.0,37115.0,35383.0,36136.0,34985.0,33691.0,33599.0,32973.0,30010.0,25261.0,19347.0,15059.0,10117.0,10548.0
SULAWESI SELATAN,Bantaeng,bantaeng,12.79,7.26,8.26,0.89,2.57,525.0,13451.36,205418.0,16443.0,65.48286907671188,8.00465392516722,41.14583333333333,0.10774818401937046,5.529999999999999,-0.7899999999999991,0.0,4.181788567619884,6.263398262591624,16757.0,15250.0,14326.0,16443.0,17653.0,16819.0,16243.0,16994.0,16215.0,14404.0,12295.0,10349.0,8121.0,5783.0,3881.0,3885.0
SULAWESI SELATAN,Jeneponto,jeneponto,12.14,7.01,11.82,1.48,2.47,526.0,13058.6,418969.0,35282.0,31.16841580164642,8.421148104036337,43.470742130783776,0.12521150592216582,5.130000000000001,-0.14000000000000057,0.0,3.4394052680297125,6.26530121273771,34695.0,31631.0,32221.0,35282.0,34038.0,35110.0,35221.0,34013.0,31549.0,28536.0,23333.0,19440.0,15502.0,11898.0,7269.0,9231.0
SULAWESI SELATAN,Takalar,takalar,12.5,7.73,7.75,1.22,3.84,571.0,13428.24,317017.0,25456.0,42.35810697849011,8.0298532886249,46.79499349413546,0.15741935483870967,4.77,-0.5,0.0,3.7461598308415707,6.3473892096560105,27822.0,26749.0,24393.0,25456.0,24369.0,24952.0,26072.0,23673.0,21799.0,21006.0,18864.0,16393.0,13375.0,9559.0,5991.0,6544.0
SULAWESI SELATAN,Gowa,gowa,13.71,8.53,6.85,0.67,3.91,449.0,30748.66,814041.0,69485.0,37.77286402036261,8.535810849822061,43.915288726555275,0.0978102189781022,5.1800000000000015,-1.7100000000000009,0.0,3.6315909617649202,6.1070228877422545,68519.0,62571.0,63119.0,69485.0,68614.0,70419.0,67322.0,59863.0,56425.0,53280.0,47785.0,40124.0,32322.0,23001.0,15432.0,15760.0
SULAWESI SELATAN,Sinjai,sinjai,13.27,7.82,7.82,1.16,1.52,313.0,15974.81,270434.0,23406.0,59.071011781063035,8.654976815045446,44.42788859515608,0.14833759590792836,5.449999999999999,-1.2699999999999996,0.0,4.078740309682069,5.746203190540153,23158.0,20067.0,19807.0,23406.0,24084.0,22028.0,20628.0,19357.0,18941.0,18402.0,16319.0,13337.0,10743.0,8280.0,5670.0,6207.0
SULAWESI SELATAN,Maros,maros,13.51,8.05,9.32,1.06,4.34,287.0,28624.64,413594.0,34580.0,69.20951464479658,8.360856298689052,45.870527448110465,0.11373390557939915,5.459999999999999,-1.5099999999999998,0.0,4.237138348039074,5.659482215759621,36016.0,35007.0,33074.0,34580.0,32732.0,34056.0,36289.0,33297.0,28146.0,25651.0,23185.0,19986.0,15613.0,11018.0,7393.0,7551.0
SULAWESI SELATAN,Pangkajene dan Kepulauan,pangkajenedankepulauan,12.81,8.47,12.41,1.78,3.99,404.0,34607.22,359163.0,32088.0,96.35519248920407,8.934105127755366,45.64893854295505,0.1434327155519742,4.34,-0.8100000000000005,0.0,4.568041285356404,6.0014148779611505,29867.0,28752.0,28361.0,32088.0,32324.0,31019.0,27441.0,25456.0,22856.0,22551.0,20283.0,18471.0,14106.0,10213.0,7371.0,8004.0
SULAWESI SELATAN,Barru,barru,13.63,8.8,8.31,1.11,6.42,157.0,9891.14,189214.0,15584.0,52.27488452228693,8.236177027069878,47.45939711337635,0.13357400722021662,4.83,-1.6300000000000008,0.0,3.956516036269444,5.056245805348308,15177.0,14241.0,13901.0,15584.0,14657.0,15107.0,14100.0,12620.0,12495.0,12301.0,11756.0,10392.0,9304.0,6754.0,4980.0,5845.0
SULAWESI SELATAN,Bone,bone,13.02,7.55,9.58,1.14,2.28,182.0,50023.54,830119.0,69823.0,60.260685516172984,8.411203694891938,45.492227797651076,0.11899791231732776,5.47,-1.0199999999999996,0.0,4.098679909611113,5.204006687076795,64807.0,57090.0,60526.0,69823.0,72595.0,69325.0,63934.0,56162.0,54786.0,54150.0,50686.0,43194.0,35904.0,29503.0,21762.0,25872.0
SULAWESI SELATAN,Soppeng,soppeng,13.22,8.45,6.9,0.79,3.33,173.0,16099.18,239355.0,17486.0,67.26067974347727,7.30546677529193,46.554046607315605,0.1144927536231884,4.770000000000001,-1.2200000000000006,0.0,4.2085758124679735,5.153291594497779,17711.0,14742.0,14969.0,17486.0,18644.0,18815.0,17518.0,14799.0,15565.0,16255.0,16422.0,15036.0,12782.0,10665.0,8156.0,9790.0
SULAWESI SELATAN,Wajo,wajo,13.32,7.46,6.47,1.02,2.31,149.0,25954.22,389052.0,29986.0,66.7114421722546,7.707452988289483,44.586534066203605,0.15765069551777436,5.86,-1.3200000000000003,0.0,4.20037648501952,5.003946305945459,28435.0,27229.0,28428.0,29986.0,26809.0,27027.0,30775.0,30924.0,29135.0,26588.0,24482.0,22798.0,20555.0,14569.0,10304.0,11008.0
SULAWESI SELATAN,Sidenreng Rappang,sidenrengrappang,13.03,8.21,5.02,0.51,3.02,181.0,19614.67,330742.0,27083.0,59.305047438789146,8.188557848715918,46.187540056133834,0.10159362549800798,4.8199999999999985,-1.0299999999999994,0.0,4.082694419393054,5.198497031265826,26095.0,25930.0,24551.0,27083.0,26735.0,26395.0,25061.0,24077.0,23689.0,21993.0,19444.0,17364.0,14404.0,10590.0,7791.0,9540.0
SULAWESI SELATAN,Pinrang,pinrang,13.28,8.53,8.55,1.37,3.12,224.0,26653.4,424646.0,36226.0,62.766162874488394,8.530870419125577,46.140397970912744,0.16023391812865498,4.75,-1.2799999999999994,0.0,4.139416120534029,5.4116460518550396,36356.0,32775.0,33121.0,36226.0,34832.0,34702.0,32006.0,30576.0,29693.0,27457.0,24523.0,22818.0,17741.0,12646.0,9038.0,10136.0
SULAWESI SELATAN,Enrekang,enrekang,13.88,9.11,11.25,1.89,1.51,132.0,10477.89,238099.0,23546.0,44.00644269820537,9.889163751212731,45.59424224635554,0.16799999999999998,4.770000000000001,-1.8800000000000008,0.0,3.7843360481583863,4.882801922586371,21491.0,17259.0,19026.0,23546.0,24427.0,22117.0,18370.0,15470.0,14791.0,14137.0,12494.0,10127.0,8057.0,6183.0,4648.0,5956.0
SULAWESI SELATAN,Luwu,luwu,13.43,8.81,11.7,2.05,4.14,132.0,22952.23,384280.0,36108.0,59.727880711980845,9.396273550536067,45.5121020265972,0.1752136752136752,4.619999999999999,-1.4299999999999997,0.0,4.089798924982664,4.882801922586371,33784.0,30083.0,30903.0,36108.0,35510.0,34276.0,30078.0,26681.0,25418.0,24471.0,21754.0,17022.0,12770.0,9611.0,7292.0,8519.0
SULAWESI SELATAN,Tana Toraja,tanatoraja,14.1,8.77,10.79,1.26,3.98,143.0,10158.53,292422.0,27316.0,34.7392809022577,9.341294430651592,44.24707605945058,0.11677479147358666,5.33,-2.0999999999999996,0.0,3.547871061181846,4.962844630259907,26381.0,18070.0,21205.0,27316.0,28904.0,26089.0,23407.0,21853.0,18816.0,18003.0,15456.0,13098.0,9781.0,8436.0,6662.0,8945.0
SULAWESI SELATAN,Luwu Utara,luwuutara,12.61,8.37,11.24,2.1,2.39,45.0,19688.66,337655.0,31115.0,58.3099909671114,9.215027172705868,43.44126493228433,0.18683274021352314,4.24,-0.6099999999999994,0.0,4.0657734503225695,3.8066624897703196,29648.0,25497.0,25791.0,31115.0,32285.0,30729.0,25805.0,23647.0,23410.0,21980.0,19100.0,15125.0,12200.0,8668.0,6081.0,6574.0
SULAWESI SELATAN,Luwu Timur,luwutimur,13.18,8.94,6.55,1.31,4.58,46.0,30397.98,312731.0,28338.0,97.20168451480666,9.061461767461493,46.57983051482995,0.2,4.24,-1.1799999999999997,0.0,4.576788041715469,3.828641396489095,28576.0,27592.0,25667.0,28338.0,26739.0,25973.0,24765.0,23391.0,23607.0,21453.0,16786.0,12602.0,9698.0,7194.0,5257.0,5093.0
SULAWESI SELATAN,Toraja Utara,torajautara,13.43,8.54,10.73,1.21,2.44,215.0,13257.86,277791.0,28125.0,47.726024241246115,10.124518072939729,52.646675788397815,0.11276794035414724,4.890000000000001,-1.4299999999999997,0.0,3.865476830696264,5.3706380281276624,27979.0,22179.0,23972.0,28125.0,26728.0,24274.0,20022.0,17740.0,16252.0,15623.0,13482.0,11013.0,8724.0,7847.0,6079.0,7752.0
SULAWESI SELATAN,Kota Makasar,kotamakassar,15.62,11.57,4.97,0.81,9.71,8282.0,243070.29,1464637.0,130763.0,165.95940837217685,8.928014245167915,42.51961225057752,0.16297786720321933,4.049999999999999,-3.619999999999999,0.0,5.111743230576274,9.021839764105513,117000.0,112711.0,113756.0,130763.0,129701.0,126499.0,122615.0,116039.0,102516.0,92133.0,79721.0,70051.0,57636.0,40265.0,27366.0,25865.0
SULAWESI SELATAN,Kota Parepare,kotaparepare,14.55,10.88,5.27,0.72,5.23,1795.0,9972.13,160920.0,13182.0,61.96948794432016,8.19164802386279,46.47600149279544,0.1366223908918406,3.67,-2.5500000000000007,0.0,4.126642133979093,7.492760300922379,14958.0,14089.0,12509.0,13182.0,13440.0,13605.0,13532.0,12362.0,11289.0,10066.0,8613.0,7545.0,6227.0,4275.0,2601.0,2627.0
SULAWESI SELATAN,Kota Palopo,kotapalopo,15.13,11.16,7.35,0.94,7.64,716.0,11083.92,195666.0,17099.0,56.647143601852136,8.738871341980722,44.11790701785399,0.12789115646258503,3.9700000000000006,-3.130000000000001,0.0,4.036841564346695,6.573680166960646,18536.0,16026.0,14644.0,17099.0,17373.0,17608.0,17179.0,16401.0,14373.0,11764.0,9609.0,8017.0,6345.0,4435.0,3005.0,3252.0
SULAWESI TENGGARA,Buton,buton,13.89,8.63,13.99,1.68,2.95,73.1,5297.27,122029.0,11809.0,43.40992714846471,9.677207876816167,53.88078334447233,0.12008577555396711,5.26,-1.8900000000000006,0.0,3.770688151089977,4.291828366755733,12598.0,11996.0,11335.0,11809.0,11586.0,10835.0,9549.0,8269.0,7053.0,6400.0,5590.0,4449.0,3761.0,2794.0,1881.0,2124.0
SULAWESI TENGGARA,Muna,muna,14.17,8.71,13.78,1.87,3.78,122.7,9489.41,227984.0,23264.0,41.623140220366345,10.204224857884764,51.53472914589564,0.13570391872278667,5.459999999999999,-2.17,0.0,3.728656267911856,4.809742351716865,21794.0,20004.0,21936.0,23264.0,22055.0,19874.0,15746.0,14468.0,13376.0,12347.0,11930.0,9794.0,7596.0,5807.0,4046.0,3947.0
SULAWESI TENGGARA,Konawe,konawe,13.05,9.69,13.25,2.33,2.95,51.21,20747.72,274071.0,24472.0,75.70198963042424,8.929073123387735,46.94314130230813,0.1758490566037736,3.360000000000001,-1.0500000000000007,0.0,4.326804443194762,3.935934825474459,26409.0,23111.0,22792.0,24472.0,24125.0,23777.0,22103.0,20280.0,19414.0,17593.0,14070.0,11263.0,9418.0,6688.0,4642.0,3914.0
SULAWESI TENGGARA,Kolaka,kolaka,13.04,9.38,11.67,1.78,2.59,84.07,38163.39,248763.0,22262.0,153.4126457712763,8.94908004807789,48.25146902823633,0.15252784918594686,3.6599999999999984,-1.0399999999999991,0.0,5.033131322114824,4.431649785147205,21695.0,22933.0,23073.0,22262.0,20587.0,20130.0,19395.0,18409.0,18084.0,16254.0,13486.0,10919.0,8272.0,5668.0,3903.0,3693.0
SULAWESI TENGGARA,Konawe Selatan,konaweselatan,12.79,8.76,11.2,1.59,2.76,77.69,17760.39,329210.0,28980.0,53.94851310713526,8.802891771209866,48.03939203165753,0.14196428571428574,4.029999999999999,-0.7899999999999991,0.0,3.988030130752245,4.3527265489623295,30720.0,29357.0,28699.0,28980.0,28110.0,27821.0,26151.0,23440.0,22991.0,21141.0,18353.0,14335.0,11058.0,7853.0,5271.0,4930.0
SULAWESI TENGGARA,Bombana,bombana,11.91,8.1,10.54,1.15,1.43,48.77,9155.32,160654.0,13189.0,56.98781231715363,8.209568389209108,49.122367334057344,0.10910815939278938,3.8100000000000005,0.08999999999999986,13189.0,4.042837425974705,3.887115369721961,16058.0,15016.0,14172.0,13189.0,12366.0,13243.0,12955.0,12652.0,11828.0,10509.0,9093.0,6866.0,5032.0,3421.0,2112.0,2142.0
SULAWESI TENGGARA,Wakatobi,wakatobi,13.53,8.53,14.36,2.87,3.02,262.53,6139.54,118259.0,9786.0,51.91604867282828,8.27505728950862,50.35344674142447,0.1998607242339833,5.0,-1.5299999999999994,0.0,3.949627965355474,5.570365361215849,11979.0,9957.0,9921.0,9786.0,10149.0,10324.0,9833.0,9003.0,7694.0,6953.0,5602.0,5175.0,4135.0,3164.0,2126.0,2458.0
SULAWESI TENGGARA,Kolaka Utara,kolakautara,12.22,8.82,13.51,2.65,1.64,50.64,12280.7,148496.0,12519.0,82.7005441224006,8.4305301152893,44.51743501406285,0.19615099925980756,3.4000000000000004,-0.22000000000000064,0.0,4.415226181480802,3.9247417778359206,14191.0,12512.0,12491.0,12519.0,13081.0,12685.0,12351.0,12219.0,10905.0,10018.0,8119.0,6326.0,4530.0,2981.0,1859.0,1709.0
SULAWESI TENGGARA,Buton Utara,butonutara,13.32,9.24,14.09,3.12,2.13,39.75,4274.35,69799.0,6582.0,61.23798335219702,9.429934526282612,52.230049508189566,0.2214336408800568,4.08,-1.3200000000000003,0.0,4.114767640008816,3.6826098411003407,7026.0,6797.0,6481.0,6582.0,5958.0,5819.0,5653.0,5249.0,4232.0,3887.0,3660.0,2853.0,1958.0,1475.0,1051.0,1118.0
SULAWESI TENGGARA,Konawe Utara,konaweutara,13.13,9.61,13.17,2.52,2.4,17.5,5707.11,73829.0,6345.0,77.30173779950968,8.59418385729185,50.92708056503874,0.19134396355353075,3.5200000000000014,-1.1300000000000008,0.0,4.347716436576249,2.8622008809294686,7625.0,7596.0,6735.0,6345.0,6474.0,6113.0,6260.0,5751.0,5191.0,4552.0,3567.0,2729.0,1935.0,1390.0,848.0,718.0
SULAWESI TENGGARA,Kolaka Timur,kolakatimur,12.71,8.43,13.71,1.87,2.15,31.95,6137.26,127549.0,10799.0,48.11688057138825,8.466550110153745,43.73013905478803,0.1363967906637491,4.280000000000001,-0.7100000000000009,0.0,3.8736330629741795,3.4641721808235437,11960.0,9700.0,10066.0,10799.0,11226.0,10578.0,9854.0,9282.0,9274.0,9071.0,7843.0,6207.0,4608.0,3096.0,2083.0,1902.0
SULAWESI TENGGARA,Konawe Kepulauan,konawekepulauan,12.55,9.46,15.54,2.78,1.51,56.24,1972.34,39688.0,3611.0,49.6961298125378,9.09846805079621,49.41645960394548,0.17889317889317888,3.09,-0.5500000000000007,0.0,3.9059270590953865,4.029628247502409,3990.0,3677.0,3537.0,3611.0,3589.0,3462.0,3572.0,3036.0,2378.0,2261.0,1991.0,1527.0,1135.0,914.0,561.0,447.0
SULAWESI TENGGARA,Muna Barat,munabarat,12.74,8.09,13.38,2.08,2.06,111.1,3541.18,90956.0,8057.0,38.93289062843573,8.85812920533005,52.887783231358846,0.1554559043348281,4.65,-0.7400000000000002,0.0,3.6618394108163956,4.7104306966455844,9135.0,8403.0,8307.0,8057.0,7966.0,7954.0,7313.0,6479.0,5521.0,4932.0,4591.0,3708.0,2971.0,2261.0,1661.0,1697.0
SULAWESI TENGGARA,Buton Tengah,butontengah,13.22,7.35,14.4,1.82,2.84,144.92,3170.06,121289.0,12221.0,26.13641797689815,10.075934338645714,55.62042109855143,0.12638888888888888,5.870000000000001,-1.2200000000000006,0.0,3.2633296665529765,4.976181866026876,12382.0,11628.0,12129.0,12221.0,11538.0,10918.0,9390.0,8138.0,6666.0,5917.0,5328.0,4351.0,3472.0,2735.0,1978.0,2498.0
SULAWESI TENGGARA,Buton Selatan,butonselatan,13.36,7.75,14.28,1.97,3.48,195.49,3826.6,101194.0,9910.0,37.81449493052948,9.793070735419096,55.02481769716282,0.13795518207282914,5.609999999999999,-1.3599999999999994,0.0,3.6326924928927213,5.275509227222028,10808.0,10148.0,9577.0,9910.0,10166.0,9413.0,8112.0,7116.0,5619.0,4765.0,4013.0,3456.0,2706.0,2159.0,1475.0,1751.0
SULAWESI TENGGARA,Kota Kendari,kotakendari,16.92,12.55,4.23,0.7,5.67,1394.95,30020.83,370764.0,29706.0,80.9701858864399,8.012104735087549,45.025698796029005,0.16548463356973991,4.370000000000001,-4.920000000000002,0.0,4.394081011439983,7.240613851319209,33712.0,33235.0,31777.0,29706.0,29752.0,33358.0,33890.0,31145.0,27436.0,23592.0,18976.0,15534.0,12265.0,7807.0,4883.0,3696.0
SULAWESI TENGGARA,Kota Baubau,kotabaubau,15.53,11.03,7.4,1.61,3.99,572.99,12204.79,168538.0,14497.0,72.41565700316842,8.601620999418529,50.2054275656165,0.21756756756756757,4.5,-3.5299999999999994,0.0,4.2824225329613474,6.350868264555471,16212.0,16051.0,15118.0,14497.0,14582.0,13572.0,13934.0,13430.0,11844.0,9770.0,8130.0,6914.0,5532.0,4004.0,2542.0,2406.0
GORONTALO,Boalemo,boalemo,12.49,7.31,17.83,3.75,3.06,84.0,6983.83,153274.0,13529.0,45.56434881323643,8.826676409567181,43.22665046956034,0.21031968592260236,5.180000000000001,-0.4900000000000002,0.0,3.819125586465224,4.430816798843313,13759.0,12020.0,11678.0,13529.0,13842.0,12896.0,12644.0,11373.0,10656.0,10407.0,8968.0,7342.0,5358.0,3857.0,2530.0,2415.0
GORONTALO,Gorontalo,gorontalo,13.22,7.95,16.43,3.41,2.64,190.0,17093.63,409509.0,35363.0,41.74176880117409,8.635463445247845,43.22102067653395,0.20754716981132076,5.2700000000000005,-1.2200000000000006,0.0,3.7315022773964723,5.247024072160486,35245.0,30771.0,30910.0,35363.0,35254.0,35763.0,32961.0,29966.0,28707.0,26849.0,24085.0,20691.0,16289.0,11500.0,7711.0,7444.0
GORONTALO,Pohuwato,pohuwato,12.48,7.78,17.11,2.89,3.12,35.0,8580.97,153770.0,13394.0,55.80392794433244,8.710411653768615,43.30447424582724,0.16890707188778492,4.7,-0.4800000000000004,0.0,4.021844260177382,3.5553480614894135,13429.0,12461.0,12499.0,13394.0,13109.0,12992.0,12683.0,11688.0,11138.0,10651.0,8848.0,7278.0,5522.0,3637.0,2266.0,2175.0
GORONTALO,Bone Bolango,bonebolango,13.69,8.52,14.8,2.86,3.76,90.0,6050.02,170649.0,14632.0,35.453005877561544,8.574325076619258,45.64844450134426,0.1932432432432432,5.17,-1.6899999999999995,0.0,3.568208041416261,4.499809670330265,14848.0,13399.0,13441.0,14632.0,14585.0,14385.0,13693.0,12737.0,11793.0,10983.0,9638.0,8089.0,6630.0,5060.0,3350.0,3386.0
GORONTALO,Gorontalo Utara,gorontaloutara,12.5,7.4,16.86,3.41,2.79,78.0,4414.81,132784.0,11917.0,33.248056994818654,8.974725870586818,43.87067414999892,0.20225385527876633,5.1,-0.5,0.0,3.5039963291483436,4.356708826689592,12208.0,10149.0,10638.0,11917.0,12173.0,12121.0,11193.0,9860.0,8901.0,8179.0,7101.0,6061.0,4788.0,3222.0,2093.0,2180.0
GORONTALO,Kota Gorontalo,kotagorontalo,14.59,10.41,5.74,0.67,3.89,2930.0,11245.98,207808.0,17418.0,54.11716584539575,8.381775485063136,43.44248716108012,0.11672473867595819,4.18,-2.59,0.0,3.9911514339600838,7.982757702011113,17400.0,15820.0,15627.0,17418.0,17295.0,17287.0,16757.0,16622.0,14957.0,13280.0,12052.0,10566.0,8638.0,6154.0,4087.0,3848.0
SULAWESI BARAT,Majene,majene,13.72,9.46,13.64,1.82,4.19,204.0,6494.19,183869.0,16681.0,35.31965692966188,9.072219895686603,54.53903630052363,0.13343108504398826,4.26,-1.7200000000000006,0.0,3.5644396624853547,5.318119993844216,18759.0,18805.0,17131.0,16681.0,16103.0,15472.0,14717.0,13143.0,11333.0,10111.0,8515.0,7137.0,5767.0,4234.0,2874.0,3087.0
SULAWESI BARAT,Polewali Mandar,polewalimandar,13.5,7.72,15.66,3.09,3.1,242.0,17773.05,501319.0,45296.0,35.452576104237025,9.035364707900559,49.63004306961279,0.19731800766283525,5.78,-1.5,0.0,3.5681959190046677,5.488937726156687,46299.0,43873.0,44728.0,45296.0,41443.0,40217.0,40517.0,36159.0,32822.0,30426.0,27246.0,22848.0,18065.0,12671.0,8885.0,9824.0
SULAWESI BARAT,Mamasa,mamasa,12.6,8.13,14.2,1.75,2.5,57.0,3784.24,172923.0,15571.0,21.883959912793557,9.004585856132499,47.507463959737265,0.12323943661971831,4.469999999999999,-0.5999999999999996,0.0,3.0857539443955497,4.04305126783455,16159.0,13904.0,14327.0,15571.0,17132.0,17326.0,12740.0,11011.0,10826.0,11061.0,9139.0,7130.0,5294.0,4493.0,3397.0,3413.0
SULAWESI BARAT,Mamuju,mamuju,13.29,8.35,7.15,1.12,2.77,60.0,16034.1,297141.0,27027.0,53.961250719355455,9.09568184801155,49.620838284759,0.15664335664335666,4.9399999999999995,-1.2899999999999991,0.0,3.9882662097098422,4.0943445622221,29382.0,28290.0,27073.0,27027.0,26332.0,25147.0,24038.0,22964.0,20693.0,17583.0,14402.0,11495.0,8915.0,6086.0,4086.0,3628.0
SULAWESI BARAT,Mamuju Utara / Pasangkayu,mamujuutara,12.09,8.13,5.21,0.66,1.2,70.0,15588.28,202860.0,18906.0,76.84255151335897,9.319727891156463,45.2506766335868,0.126679462571977,3.959999999999999,-0.08999999999999986,0.0,4.341758542884709,4.248495242049359,19848.0,18064.0,18027.0,18906.0,17747.0,17665.0,17761.0,16256.0,14906.0,12616.0,10361.0,7693.0,5751.0,3497.0,1987.0,1775.0
SULAWESI BARAT,Mamuju Tengah,mamujutengah,12.68,7.94,7.72,0.92,1.7,53.0,4560.03,145120.0,13407.0,31.42247794928335,9.238561190738698,48.74948749487495,0.11917098445595856,4.739999999999999,-0.6799999999999997,0.0,3.4475234950673324,3.970291913552122,15236.0,13600.0,12736.0,13407.0,14376.0,14133.0,11446.0,10044.0,9022.0,8145.0,6871.0,5761.0,4355.0,2867.0,1718.0,1403.0
MALUKU,Maluku Tenggara Barat / Kepulauan Tanimbar,malukutenggarabarat,12.34,9.92,23.66,4.23,4.24,29.0,3618.17,130487.0,13521.0,27.728202809475274,10.361951765309954,49.586161041819516,0.17878275570583266,2.42,-0.33999999999999986,0.0,3.322450047194744,3.367295829986474,12731.0,10548.0,11231.0,13521.0,12327.0,10758.0,9980.0,8896.0,8237.0,7539.0,6565.0,4955.0,4454.0,3856.0,2669.0,2220.0
MALUKU,Maluku Tenggara,malukutenggara,12.91,9.84,21.22,2.65,5.68,124.0,4408.47,126245.0,12247.0,34.91995722602876,9.700978256564616,47.38261458357655,0.12488218661639963,3.0700000000000003,-0.9100000000000001,0.0,3.5530585060573854,4.820281565605037,11477.0,9580.0,10265.0,12247.0,12006.0,11282.0,11037.0,9609.0,7795.0,6423.0,5640.0,5225.0,4394.0,3637.0,2504.0,3124.0
MALUKU,Maluku Tengah,malukutengah,14.67,9.79,17.67,4.0,6.5,53.0,11454.45,440848.0,40931.0,25.982765034660474,9.284606032011034,42.84214550945157,0.2263723825693265,4.880000000000001,-2.67,0.0,3.257433434934928,3.970291913552122,37003.0,30906.0,33244.0,40931.0,43166.0,39964.0,35564.0,32705.0,29542.0,26886.0,23398.0,19838.0,16632.0,12543.0,8865.0,9661.0
MALUKU,Buru,buru,13.24,9.02,16.08,2.47,4.66,29.0,3167.11,142304.0,12841.0,22.25594501911401,9.023639532268945,45.3668801650782,0.1536069651741294,4.220000000000001,-1.2400000000000002,0.0,3.1026091647931513,3.367295829986474,12947.0,13441.0,11575.0,12841.0,12802.0,13183.0,11630.0,10784.0,10362.0,9068.0,7508.0,5773.0,3942.0,2612.0,1890.0,1946.0
MALUKU,Kepulauan Aru,kepulauanaru,12.37,9.21,23.39,4.56,1.83,13.0,4761.49,109159.0,10940.0,43.61976566293205,10.022077886385915,49.760594877141955,0.1949551090209491,3.1599999999999984,-0.3699999999999992,0.0,3.775510388519989,2.5649493574615367,11011.0,9764.0,10254.0,10940.0,9762.0,9431.0,8961.0,7848.0,6988.0,6274.0,5439.0,4161.0,3085.0,2203.0,1509.0,1529.0
MALUKU,Seram Bagian Barat,serambagianbarat,13.7,9.59,22.31,3.38,4.52,45.0,4077.23,226044.0,22531.0,18.037329015589886,9.967528445789316,48.047916270966645,0.15150156880322727,4.109999999999999,-1.6999999999999993,0.0,2.8924434446698837,3.8066624897703196,23877.0,19061.0,19044.0,22531.0,22445.0,20615.0,17662.0,15600.0,14554.0,12654.0,10813.0,8812.0,6997.0,4939.0,3121.0,3319.0
MALUKU,Seram Bagian Timur,serambagiantimur,12.92,9.0,21.03,3.22,3.24,26.0,3683.51,147139.0,14801.0,25.034219343613863,10.059195726489918,47.052239178884456,0.15311459819305753,3.92,-0.9199999999999999,0.0,3.220243662695915,3.258096538021482,14591.0,13282.0,12759.0,14801.0,14627.0,13675.0,11606.0,10938.0,9600.0,8205.0,6872.0,5864.0,3871.0,2877.0,1839.0,1732.0
MALUKU,Maluku Barat Daya,malukubaratdaya,12.71,9.13,27.95,3.52,2.36,19.0,3197.15,87197.0,7980.0,36.66582565913965,9.151690998543529,56.44926886157711,0.1259391771019678,3.58,-0.7100000000000009,0.0,3.601845140292341,2.9444389791664403,9118.0,8053.0,7889.0,7980.0,6679.0,6879.0,6891.0,6398.0,5780.0,4804.0,4046.0,3330.0,2948.0,2588.0,1908.0,1906.0
MALUKU,Buru Selatan,buruselatan,12.85,8.48,14.91,2.34,1.35,22.0,1886.86,80842.0,8309.0,23.34009549491601,10.278073278741248,50.17461732798335,0.15694164989939638,4.369999999999999,-0.8499999999999996,0.0,3.150172718320306,3.091042453358316,8607.0,8053.0,7335.0,8309.0,7468.0,7431.0,6891.0,6291.0,5332.0,4301.0,3283.0,2680.0,1846.0,1246.0,924.0,845.0
MALUKU,Kota Ambon,kotaambon,16.08,12.24,5.13,0.71,11.44,1532.0,19835.88,362639.0,27827.0,54.69869484528691,7.67347141371998,41.71675329243034,0.13840155945419103,3.839999999999998,-4.079999999999998,0.0,4.001839848910861,7.3343293503005365,32423.0,25878.0,25689.0,27827.0,28793.0,33716.0,33932.0,29027.0,26043.0,23971.0,20959.0,17454.0,14168.0,10116.0,6586.0,6057.0
MALUKU,Kota Tual,kotatual,14.02,10.67,20.01,3.03,8.68,394.0,3417.23,92744.0,8356.0,36.84583369274562,9.009747261278358,42.66771270786223,0.15142428785607195,3.3499999999999996,-2.0199999999999996,0.0,3.606742550988233,5.976350909297934,9006.0,6850.0,6773.0,8356.0,8347.0,8060.0,8769.0,8175.0,6801.0,5527.0,4507.0,3641.0,2824.0,2019.0,1336.0,1753.0
MALUKU UTARA,Halmahera Barat,halmaherabarat,13.25,8.59,8.75,1.49,3.53,62.0,2943.43,137805.0,11722.0,21.35938463771271,8.50622256086499,42.174007242563995,0.1702857142857143,4.66,-1.25,0.0,3.061491204581157,4.127134385045092,11545.0,10679.0,10302.0,11722.0,12006.0,11213.0,11292.0,11391.0,10565.0,9713.0,7961.0,6250.0,4814.0,3647.0,2454.0,2251.0
MALUKU UTARA,Halmahera Tengah,halmaheratengah,13.52,9.2,10.71,1.73,3.43,27.0,32880.44,61791.0,5582.0,532.1234483986342,9.03367804372805,49.14914673296483,0.16153127917833798,4.32,-1.5199999999999996,0.0,6.276875508285261,3.295836866004329,5988.0,6006.0,5769.0,5582.0,4825.0,4970.0,5447.0,5155.0,4456.0,3785.0,3027.0,2435.0,1747.0,1226.0,771.0,602.0
MALUKU UTARA,Kepulauan Sula,kepulauansula,12.98,9.17,7.96,1.01,2.57,33.0,3383.2,109256.0,10076.0,30.965805081643115,9.222376803104634,47.89106069630191,0.12688442211055276,3.8100000000000005,-0.9800000000000004,0.0,3.4328835337821553,3.4965075614664802,10007.0,9696.0,9789.0,10076.0,9970.0,8814.0,9000.0,8941.0,7122.0,6544.0,5414.0,4347.0,3648.0,2632.0,1833.0,1423.0
MALUKU UTARA,Halmahera Selatan,halmaheraselatan,13.04,8.42,5.63,0.53,2.0,33.0,22027.8,264926.0,26155.0,83.14699199021614,9.872568188852735,44.08567062061164,0.0941385435168739,4.619999999999999,-1.0399999999999991,0.0,4.420610029280625,3.4965075614664802,25762.0,20441.0,22770.0,26155.0,26112.0,22881.0,22127.0,21152.0,17780.0,15682.0,13265.0,10522.0,8191.0,5781.0,3599.0,2706.0
MALUKU UTARA,Halmahera Utara,halmaherautara,13.69,8.67,4.71,0.48,6.2,61.0,7171.33,207739.0,19642.0,34.52086512402582,9.455133605148768,49.19384376728119,0.1019108280254777,5.02,-1.6899999999999995,0.0,3.541563927431488,4.110873864173311,18536.0,19397.0,19380.0,19642.0,17569.0,16548.0,16117.0,15529.0,14724.0,12963.0,10777.0,8637.0,6735.0,5132.0,3522.0,2531.0
MALUKU UTARA,Halmahera Timur,halmaheratimur,12.89,8.88,11.91,1.49,4.32,15.0,5458.08,98224.0,8727.0,55.56768203290438,8.884793940381169,47.43478130347333,0.12510495382031905,4.01,-0.8900000000000006,0.0,4.017601773859382,2.70805020110221,9469.0,8916.0,8608.0,8727.0,8122.0,7398.0,8159.0,8322.0,7811.0,6477.0,5002.0,3864.0,2740.0,2101.0,1379.0,1129.0
MALUKU UTARA,Pulau Morotai,pulaumorotai,13.02,7.73,5.11,0.66,4.21,34.0,2026.08,79660.0,7082.0,25.43409490333919,8.890283705749436,56.55523455771083,0.12915851272015655,5.289999999999999,-1.0199999999999996,0.0,3.2360905929488,3.5263605246161616,8875.0,8535.0,7350.0,7082.0,6458.0,5937.0,6518.0,6703.0,5326.0,4353.0,3522.0,2788.0,2196.0,1745.0,1287.0,985.0
MALUKU UTARA,Pulau Taliabu,pulautaliabu,12.88,7.99,7.13,1.08,2.86,21.0,2103.76,61368.0,6017.0,34.28105853213401,9.80478425237909,50.51875107306664,0.15147265077138852,4.890000000000001,-0.8800000000000008,0.0,3.5345929722532414,3.044522437723423,5553.0,6507.0,5822.0,6017.0,5389.0,4890.0,4990.0,5041.0,4285.0,3422.0,2863.0,2211.0,1663.0,1239.0,803.0,673.0
MALUKU UTARA,Kota Ternate,kotaternate,15.92,12.08,3.14,0.78,6.42,1322.0,15199.72,214414.0,17528.0,70.88958743365639,8.174839329521392,44.99874892644364,0.2484076433121019,3.84,-3.92,0.0,4.261123560039811,7.186901020411631,18546.0,19837.0,18221.0,17528.0,16916.0,16557.0,18263.0,19209.0,16793.0,14511.0,11579.0,9351.0,7166.0,4670.0,2913.0,2354.0
MALUKU UTARA,Kota Tidore Kepulauan,kotatidorekepulauan,14.49,10.12,6.56,0.95,3.49,71.0,3856.11,120439.0,10192.0,32.017120700105444,8.4623751442639,42.51280898344594,0.1448170731707317,4.370000000000001,-2.49,0.0,3.466270781604846,4.2626798770413155,9989.0,9798.0,9466.0,10192.0,10102.0,9313.0,9887.0,10322.0,9298.0,8445.0,6853.0,5672.0,4427.0,3004.0,2008.0,1663.0
PAPUA BARAT,Fakfak,fakfak,14.79,9.32,20.86,4.6,6.28,9.0,6310.53,90171.0,8538.0,69.98403034234954,9.468676181921017,49.29962249155573,0.22051773729626079,5.469999999999999,-2.789999999999999,0.0,4.248267078055499,2.1972245773362196,8739.0,9085.0,8361.0,8538.0,8366.0,7478.0,6857.0,6714.0,6349.0,5152.0,4547.0,3535.0,2860.0,1820.0,1097.0,673.0
PAPUA BARAT,Kaimana,kaimana,12.51,8.97,14.41,3.17,4.96,4.0,3095.88,66655.0,6904.0,46.4463281074188,10.357812617208012,42.5165704511439,0.2199861207494795,3.539999999999999,-0.5099999999999998,0.0,3.8382974117028787,1.3862943611198906,6706.0,5317.0,5805.0,6904.0,6726.0,5818.0,5175.0,5151.0,4817.0,4137.0,3586.0,2642.0,1814.0,1068.0,610.0,379.0
PAPUA BARAT,Teluk Wondama,telukwondama,11.91,7.38,28.47,4.68,2.39,9.0,1856.1,45561.0,4810.0,40.738789754395206,10.557274862272557,53.78202315455497,0.1643835616438356,4.53,0.08999999999999986,4810.0,3.70718070378881,2.1972245773362196,6064.0,4088.0,4216.0,4810.0,4140.0,3708.0,3445.0,3363.0,3090.0,2510.0,1941.0,1429.0,1191.0,794.0,460.0,312.0
PAPUA BARAT,Teluk Bintuni,telukbintuni,12.62,8.67,26.99,6.5,3.16,5.0,52360.36,91064.0,7793.0,574.984186945445,8.55771764912589,36.201017050553396,0.2408299370137088,3.9499999999999993,-0.6199999999999992,0.0,6.354342539454748,1.6094379124341003,7680.0,7088.0,6850.0,7793.0,7989.0,8505.0,8827.0,8388.0,7798.0,6542.0,5291.0,3540.0,2187.0,1271.0,743.0,572.0
PAPUA BARAT,Manokwari,manokwari,13.79,8.67,18.45,3.3,5.34,74.0,11325.86,204955.0,17514.0,55.26022785489498,8.5452904296065,44.589065255731924,0.17886178861788618,5.119999999999999,-1.7899999999999991,0.0,4.012053442810964,4.30406509320417,18897.0,18329.0,17529.0,17514.0,17748.0,19803.0,18424.0,16640.0,14729.0,12777.0,10175.0,7915.0,6025.0,4196.0,2537.0,1717.0
PAPUA BARAT,Manokwari Selatan,manokwariselatan,12.78,7.17,26.83,5.17,2.54,21.0,1018.12,38820.0,3112.0,26.22668727460072,8.016486347243688,41.250955135902196,0.19269474468878123,5.609999999999999,-0.7799999999999994,0.0,3.26677749061505,3.044522437723423,4024.0,3112.0,2822.0,3112.0,3913.0,4213.0,3514.0,3093.0,2446.0,2396.0,2019.0,1608.0,1169.0,724.0,384.0,271.0
PAPUA BARAT,Pegunungan Arfak,pegununganarfak,11.8,5.72,31.76,5.54,0.31,13.0,359.21,41470.0,2758.0,8.661924282613938,6.650590788521823,28.501487357461574,0.17443324937027707,6.080000000000001,0.1999999999999993,2758.0,2.1589369014258915,2.5649493574615367,4498.0,1762.0,1859.0,2758.0,3716.0,4555.0,4149.0,4446.0,3316.0,3428.0,2652.0,2059.0,1193.0,624.0,260.0,195.0
PAPUA BARAT DAYA,Raja Ampat,rajaampat,12.12,8.4,15.83,3.1,4.39,9.41,4103.89,70061.0,7201.0,58.575955239006014,10.278186152067484,51.83780503662607,0.1958307012002527,3.719999999999999,-0.11999999999999922,0.0,4.070324292225137,2.2417729535972883,8790.0,6519.0,6198.0,7201.0,6214.0,5618.0,5846.0,5434.0,4876.0,3991.0,3070.0,2108.0,1784.0,1302.0,684.0,426.0
PAPUA BARAT DAYA,Sorong,sorong,14.08,8.74,25.71,6.81,4.15,16.28,12455.03,123136.0,10544.0,101.14856743762994,8.562889812889813,42.748171247724926,0.26487747957992996,5.34,-2.08,0.0,4.616590400761409,2.7899373605743945,11402.0,9650.0,9352.0,10544.0,10867.0,10455.0,10367.0,9797.0,9425.0,8122.0,7017.0,5527.0,4140.0,2862.0,1950.0,1659.0
PAPUA BARAT DAYA,Sorong Selatan,sorongselatan,13.29,7.76,17.83,3.85,2.81,8.57,2335.27,56292.0,5697.0,41.48493569246074,10.120443402259646,46.414544697895806,0.21592821088053846,5.529999999999999,-1.2899999999999991,0.0,3.7253303659754966,2.1482677326096886,6197.0,4887.0,4759.0,5697.0,5677.0,5290.0,4618.0,4280.0,3716.0,3127.0,2615.0,1937.0,1490.0,1039.0,561.0,402.0
PAPUA BARAT DAYA,Maybrat,maybrat,13.51,7.44,29.18,4.48,3.56,8.83,863.41,47542.0,4125.0,18.160994489083336,8.676538639518741,39.899361445428596,0.15352981494174092,6.069999999999999,-1.5099999999999998,0.0,2.899276134288451,2.178155014615869,5918.0,2497.0,2930.0,4125.0,4817.0,5314.0,4410.0,3813.0,2842.0,2907.0,2373.0,2013.0,1369.0,1055.0,627.0,532.0
PAPUA BARAT DAYA,Tambrauw,tambrauw,12.45,5.89,29.88,4.55,1.52,2.62,304.95,31354.0,2526.0,9.726031766281814,8.056388339605792,46.82963379226374,0.15227576974564927,6.56,-0.4499999999999993,0.0,2.274805978096126,0.9631743177730056,4558.0,2473.0,2151.0,2526.0,2572.0,3126.0,2638.0,2714.0,2462.0,1963.0,1426.0,1105.0,822.0,402.0,256.0,160.0
PAPUA BARAT DAYA,Kota Sorong,kotasorong,14.43,11.57,13.67,3.07,9.85,1455.0,17135.37,298742.0,24194.0,57.358422987059065,8.098626908837726,39.91354399374295,0.22457937088514995,2.8599999999999994,-2.4299999999999997,0.0,4.04931970266131,7.282761179605593,25973.0,22362.0,22596.0,24194.0,25443.0,27638.0,28687.0,26589.0,23601.0,19690.0,16008.0,12263.0,9406.0,6730.0,4495.0,3067.0
PAPUA,Jayapura,jayapura,14.59,10.57,11.6,3.26,6.39,12.0,20429.12,173281.0,13021.0,117.89590318615429,7.514384150599315,68.7024164184045,0.2810344827586207,4.02,-2.59,0.0,4.769802058730553,2.4849066497880004,17766.0,26069.0,19545.0,13021.0,11686.0,14649.0,13054.0,13014.0,10854.0,8969.0,7289.0,5437.0,4741.0,3042.0,2272.0,1873.0
PAPUA,Kepulauan Yapen,kepulauanyapen,12.82,9.71,25.69,7.32,5.0,49.0,5274.71,118590.0,10322.0,44.478539505860525,8.703937937431487,65.07516703786192,0.2849357726741923,3.1099999999999994,-0.8200000000000003,0.0,3.7950068145529934,3.8918202981106265,12765.0,14299.0,13909.0,10322.0,8558.0,9580.0,8440.0,8492.0,7221.0,6043.0,5334.0,4080.0,3770.0,2545.0,1827.0,1405.0
PAPUA,Biak Numfor,biaknumfor,14.24,10.55,23.46,6.22,6.86,63.0,6557.13,141103.0,12363.0,46.47052153391494,8.761684726759885,64.46529518037181,0.2651321398124467,3.6899999999999995,-2.24,0.0,3.838818166057687,4.143134726391533,14848.0,16482.0,15265.0,12363.0,10041.0,11144.0,9863.0,9680.0,8619.0,7084.0,6551.0,5330.0,5120.0,3589.0,2785.0,2339.0
PAPUA,Sarmi,sarmi,12.38,9.61,14.05,1.87,3.41,3.0,3824.65,43092.0,3246.0,88.7554534484359,7.532720690615427,66.96501220504474,0.13309608540925266,2.7700000000000014,-0.3800000000000008,0.0,4.485884873774037,1.0986122886681098,3978.0,6438.0,5033.0,3246.0,2698.0,3140.0,3275.0,3613.0,2817.0,2296.0,1970.0,1454.0,1300.0,814.0,552.0,468.0
PAPUA,Keerom,keerom,12.52,8.58,15.84,3.11,2.91,7.0,3617.58,64179.0,4502.0,56.36703594633759,7.014755605416102,66.71602244389028,0.19633838383838384,3.9399999999999995,-0.5199999999999996,0.0,4.031884518598837,1.9459101490553132,6419.0,9557.0,6848.0,4502.0,3940.0,4828.0,4746.0,5050.0,4355.0,3507.0,3054.0,2374.0,2140.0,1289.0,829.0,741.0
PAPUA,Waropen,waropen,12.85,9.42,29.85,6.16,3.21,3.0,2451.54,35814.0,2886.0,68.452002010387,8.058301222985424,77.0253571252039,0.2063651591289782,3.4299999999999997,-0.8499999999999996,0.0,4.226132799084501,1.0986122886681098,3997.0,5561.0,4600.0,2886.0,2150.0,2672.0,2411.0,2573.0,2218.0,1823.0,1447.0,1143.0,908.0,605.0,422.0,398.0
PAPUA,Supiori,supiori,13.2,9.21,37.72,12.81,5.6,37.0,1245.82,24527.0,1980.0,50.79381905654992,8.072736168304317,82.94174684866114,0.3396076352067869,3.9899999999999984,-1.1999999999999993,0.0,3.9277746750666247,3.6109179126442243,3227.0,3390.0,3291.0,1980.0,1560.0,1778.0,1718.0,1844.0,1403.0,1006.0,809.0,648.0,661.0,486.0,405.0,321.0
PAPUA,Mamberamo Raya,mamberamoraya,12.04,6.49,30.29,3.37,1.05,1.0,2305.49,39388.0,3227.0,58.53280186858942,8.192850614400324,60.374592833876214,0.11125784087157478,5.549999999999999,-0.03999999999999915,0.0,4.069587312797883,0.0,4670.0,4750.0,4138.0,3227.0,3211.0,3333.0,3297.0,3031.0,2448.0,2179.0,1565.0,1237.0,1032.0,599.0,392.0,279.0
PAPUA,Kota Jayapura,kotajayapura,15.27,12.07,10.72,2.35,8.29,503.0,39890.97,420577.0,26656.0,94.84819664413413,6.3379595175199785,48.90369588846128,0.21921641791044777,3.1999999999999993,-3.2699999999999996,0.0,4.5522776834868806,6.220590170099739,38465.0,44920.0,36143.0,26656.0,25444.0,36827.0,41155.0,41821.0,33616.0,26056.0,22096.0,15580.0,13198.0,7618.0,5613.0,5369.0
PAPUA SELATAN,Merauke,merauke,14.48,9.37,10.19,1.98,5.07,5.32,20190.78,239404.0,17576.0,84.33768859334013,7.341564886133899,66.22507359884465,0.1943081452404318,5.110000000000001,-2.4800000000000004,0.0,4.434828842125226,1.6714733033535532,25184.0,32034.0,24556.0,17576.0,15326.0,18056.0,17430.0,17841.0,16630.0,12750.0,11527.0,8691.0,8197.0,5387.0,4104.0,4115.0
PAPUA SELATAN,Boven Digoel,bovendigoel,11.67,9.42,19.24,3.96,3.26,2.93,5784.87,69035.0,4624.0,83.79619033823423,6.698051712899254,79.29306046125078,0.20582120582120583,2.25,0.33000000000000007,4624.0,4.428387545097052,1.075002423028976,8114.0,12085.0,8693.0,4624.0,4158.0,4977.0,4936.0,5478.0,4366.0,3523.0,3041.0,1921.0,1480.0,769.0,525.0,345.0
PAPUA SELATAN,Mappi,mappi,11.29,7.16,25.7,4.58,4.1,4.74,3828.53,115102.0,10240.0,33.26206321349759,8.896457055481227,82.80895128885219,0.17821011673151751,4.129999999999999,0.7100000000000009,10240.0,3.50441750471808,1.556037135706985,14588.0,18069.0,15778.0,10240.0,7866.0,7695.0,7571.0,7626.0,6550.0,5474.0,4165.0,3209.0,2567.0,1644.0,1118.0,942.0
PAPUA SELATAN,Asmat,asmat,9.71,5.82,24.5,4.17,2.05,4.74,3392.02,118534.0,10164.0,28.61643072873606,8.574754922638231,92.62545501820073,0.17020408163265305,3.8900000000000006,2.289999999999999,10164.0,3.35398105386804,1.556037135706985,18304.0,23339.0,12822.0,10164.0,8383.0,7284.0,7466.0,7452.0,6160.0,5538.0,3879.0,3240.0,1970.0,1294.0,696.0,543.0
PAPUA TENGAH,Mimika,mimika,13.16,10.72,14.18,3.82,6.7,17.92,146297.59,327777.0,22594.0,446.3326896029923,6.893101102273802,53.71920593159531,0.26939351198871647,2.4399999999999995,-1.1600000000000001,0.0,6.101064614758376,2.8859174075467844,29854.0,41055.0,34700.0,22594.0,20567.0,25174.0,28927.0,30495.0,26537.0,22533.0,17797.0,11268.0,7339.0,4057.0,2605.0,2275.0
PAPUA TENGAH,Dogiyai,dogiyai,10.63,4.98,30.03,6.1,3.27,33.0,1646.91,125178.0,7680.0,13.156545079806357,6.1352633849398455,45.29563340065464,0.2031302031302031,5.65,1.3699999999999992,7680.0,2.5769193595000233,3.4965075614664802,13660.0,9173.0,11951.0,7680.0,8765.0,10882.0,13724.0,11206.0,10258.0,8302.0,6051.0,5990.0,3296.0,2213.0,1151.0,876.0
PAPUA TENGAH,Deiyai,deiyai,9.86,3.29,39.01,4.76,1.66,37.41,1767.09,106496.0,8998.0,16.593017578125,8.449143629807693,46.55143942312986,0.12201999487310947,6.569999999999999,2.1400000000000006,8998.0,2.8089819790500044,3.6219380483600547,11665.0,7466.0,11561.0,8998.0,9589.0,10261.0,9347.0,7517.0,7470.0,5615.0,5621.0,5365.0,2885.0,2024.0,551.0,561.0
PAPUA TENGAH,Nabire,nabire,12.82,10.42,24.0,5.85,4.1,14.85,14941.18,175358.0,13621.0,85.20386865726114,7.767538407144242,61.46996804817635,0.24375,2.4000000000000004,-0.8200000000000003,0.0,4.4450468395797795,2.6979998652487085,17336.0,23280.0,19125.0,13621.0,11687.0,13734.0,12998.0,13470.0,12847.0,10442.0,8818.0,5983.0,5001.0,3012.0,2215.0,1789.0
PAPUA TENGAH,Paniai,paniai,10.54,4.81,37.07,6.78,1.92,44.57,5338.66,236534.0,14732.0,22.57037043300329,6.228280078128303,34.81408020427239,0.18289722147288914,5.7299999999999995,1.4600000000000009,14732.0,3.116638003322286,3.7970609869584644,24814.0,14787.0,14971.0,14732.0,21487.0,27183.0,26742.0,21140.0,20359.0,16656.0,12728.0,9411.0,5014.0,3541.0,1426.0,1543.0
PAPUA TENGAH,Intan Jaya,intanjaya,7.7,3.28,41.42,12.46,2.4,26.97,1465.43,143853.0,9942.0,10.186996447762647,6.911221872328001,33.70356256564211,0.30082085948817,4.42,4.3,9942.0,2.321112048904879,3.2947251371516386,14199.0,5748.0,9761.0,9942.0,12662.0,13419.0,12334.0,13247.0,12968.0,11273.0,10121.0,6859.0,4766.0,3049.0,1751.0,1754.0
PAPUA TENGAH,Puncak,puncak,5.6,2.39,37.49,5.98,0.0,15.92,1772.12,122592.0,9618.0,14.455429391803706,7.845536413469068,31.60708534621578,0.15950920245398773,3.2099999999999995,6.4,9618.0,2.6710700804441796,2.767576180416237,11844.0,4571.0,9682.0,9618.0,10542.0,12002.0,10995.0,9621.0,11171.0,10891.0,9341.0,5276.0,3693.0,1853.0,953.0,539.0
PAPUA TENGAH,Puncak Jaya,puncakjaya,7.53,4.42,35.94,9.81,0.43,39.28,1663.89,235124.0,17389.0,7.076648917167112,7.395672070907267,26.651117443319848,0.27295492487479134,3.1100000000000003,4.47,17389.0,1.956800478871575,3.670715483486265,19057.0,6414.0,12980.0,17389.0,20061.0,17392.0,20299.0,23793.0,24827.0,20286.0,18170.0,13321.0,10109.0,4794.0,3273.0,2959.0
PAPUA PEGUNUNGAN,Nduga,nduga,4.45,1.92,36.28,5.42,0.07,19.25,1629.54,113344.0,9315.0,14.37694099378882,8.218344155844155,29.59079839474978,0.149393605292172,2.5300000000000002,7.55,9315.0,2.665625603223145,2.9575110607337933,9984.0,4643.0,9689.0,9315.0,9428.0,9847.0,10767.0,10530.0,11791.0,10812.0,7924.0,4707.0,2342.0,1286.0,177.0,102.0
PAPUA PEGUNUNGAN,Jayawijaya,jayawijaya,12.85,5.99,32.28,7.85,2.74,106.92,11448.0,281090.0,20858.0,40.72716923405315,7.4203991604112565,43.647058222310804,0.24318463444857494,6.859999999999999,-0.8499999999999996,0.0,3.7068954184852267,4.672080891270718,23918.0,22704.0,24031.0,20858.0,25864.0,27196.0,23037.0,20631.0,18060.0,18061.0,16493.0,14000.0,11481.0,7764.0,3873.0,3119.0
PAPUA PEGUNUNGAN,Lanny Jaya,lannyjaya,9.44,3.83,34.12,6.73,0.25,89.13,2493.09,208536.0,13323.0,11.955201979514328,6.3888249510875825,31.005584837386372,0.19724501758499416,5.609999999999999,2.5600000000000005,13323.0,2.4811664957499473,4.490095978142626,20187.0,10289.0,11648.0,13323.0,19702.0,24140.0,15978.0,14094.0,17441.0,20909.0,15132.0,12301.0,6161.0,4145.0,1794.0,1292.0
PAPUA PEGUNUNGAN,Tolikara,tolikara,9.03,3.69,31.22,2.79,0.5,82.4,2175.55,246375.0,13403.0,8.830238457635717,5.440081177067478,35.34336426111175,0.08936579115951314,5.34,2.9700000000000006,13403.0,2.178182019645988,4.411585436915426,20787.0,10490.0,11600.0,13403.0,16925.0,20866.0,23218.0,24723.0,21027.0,17794.0,15212.0,15451.0,13418.0,11659.0,6148.0,3654.0
PAPUA PEGUNUNGAN,Mamberamo Tengah,mamberamotengah,9.78,3.7,35.27,5.1,0.54,13.08,1554.03,53631.0,4287.0,28.97633831179728,7.993511215528333,44.94864864864865,0.14459880918627727,6.079999999999999,2.2200000000000006,4287.0,3.366479576659497,2.5710843460290524,4841.0,5800.0,5285.0,4287.0,5158.0,4381.0,4204.0,4566.0,3961.0,4065.0,2765.0,2401.0,1212.0,450.0,149.0,106.0
PAPUA PEGUNUNGAN,Yalimo,yalimo,9.8,3.55,30.02,9.19,0.43,34.41,1708.8,108340.0,8185.0,15.772567841978955,7.5549196972494,40.843971815605414,0.3061292471685543,6.250000000000001,2.1999999999999993,8185.0,2.758272218536123,3.538347219809389,9878.0,7222.0,11193.0,8185.0,8766.0,9466.0,10160.0,9157.0,8108.0,7133.0,7019.0,6159.0,2769.0,2188.0,493.0,444.0
PAPUA PEGUNUNGAN,Yahukimo,yahukimo,8.05,4.35,33.82,4.67,2.04,22.75,3157.26,372397.0,23955.0,8.47821008225093,6.432651176029883,25.97023912212514,0.13808397397989355,3.700000000000001,3.9499999999999993,23955.0,2.1374993523180468,3.1245651453969594,34183.0,11023.0,16409.0,23955.0,37304.0,42474.0,41720.0,33641.0,28018.0,29389.0,23864.0,20265.0,14993.0,7954.0,4806.0,2399.0
PAPUA PEGUNUNGAN,Pegunungan Bintang,pegununganbintang,7.01,3.51,28.95,6.1,2.46,6.06,2527.83,83333.0,7051.0,30.334081336325344,8.46123384493538,48.010727860466766,0.21070811744386872,3.5,4.99,7051.0,3.4122718769839984,1.801709800081223,8665.0,8278.0,8907.0,7051.0,6936.0,6930.0,6974.0,7037.0,6266.0,5674.0,4307.0,3179.0,1948.0,853.0,162.0,166.0
